id,age,,deprivation
1000,64,,2
1001,35,,2
1002,2,,3
1003,23,,1
1004,18,,3
1005,50,,2
1006,6,,3
1007,92,,2
1008,25,,3
1009,25,,1
1010,70,,3
1011,53,,1
1012,16,,2
1013,9,,1
1014,70,,2
1015,58,,4
1016,14,,3
1017,27,,2
1018,30,,2
1019,12,,3
1020,44,,5
1021,30,,2
1022,10,,2
1023,67,,1
1024,39,,4
1025,20,,3
1027,26,,1
1028,34,,3
1029,69,,2
1030,51,,2
1031,32,,2
1032,46,,3
1033,93,,1
1034,0,,2
1035,28,,2
1036,22,,2
1037,16,,2
1038,76,,
1039,6,,2
1040,0,,1
1041,2,,1
1042,38,,3
1043,35,,2
1044,71,,2
1045,24,,2
1046,31,,3
1047,57,,2
1048,57,,2
1049,5,,3
1050,79,,2
1051,37,,4
1052,35,,2
1053,3,,1
1054,40,,4
1055,18,,3
1056,56,,1
1057,45,,1
1058,22,,1
1059,3,,2
1060,30,,3
1061,72,,1
1062,25,,1
1063,999,,1
1064,97,,3
1065,34,,4
1066,28,,3
1067,29,,3
1068,16,,1
1069,78,,2
1070,34,,2
1071,24,,3
1072,22,,2
1073,25,,1
1074,10,,1
1075,999,,5
1076,16,,3
1077,23,,2
1078,31,,2
1079,36,,3
1080,13,,4
1081,14,,2
1082,53,,3
1083,49,,3
1084,17,,1
1085,7,,2
1086,48,,2
1087,56,,2
1088,1,,3
1089,32,,2
1090,96,,2
1091,19,,2
1092,91,,1
1093,3,,2
1094,53,,2
1095,19,,1
1096,41,,2
1097,18,,2
1098,28,,3
1099,2,,2
1100,5,,1
1101,40,,3
1102,76,,2
1103,35,,2
1104,17,,2
1105,44,,1
1106,97,,4
1107,21,,1
1108,28,,1
1109,45,,3
1110,11,,2
1111,10,,3
1112,38,,5
1113,12,,3
1114,26,,1
1115,13,,2
1116,69,,2
1117,16,,1
1118,40,,1
1119,29,,4
1120,13,,3
1121,13,,1
1122,45,,1
1123,51,,3
1124,3,,2
1125,28,,5
1126,78,,1
1127,39,,2
1128,59,,1
1129,47,,2
1130,66,,2
1131,97,,1
1132,11,,3
1133,49,,2
1134,26,,2
1135,86,,4
1136,11,,2
1137,46,,3
1138,6,,1
1139,25,,1
1140,14,,3
1141,37,,2
1142,4,,2
1143,12,,2
1144,7,,2
1145,87,,4
1146,4,,1
1147,64,,3
1148,42,,3
1149,87,,1
1150,42,,3
1151,66,,4
1152,67,,3
1153,23,,1
1154,1,,3
1155,47,,1
1156,61,,2
1157,15,,4
1158,33,,2
1159,58,,3
1160,62,,2
1161,38,,1
1162,8,,3
1163,14,,3
1164,43,,2
1165,47,,1
1166,54,,2
1167,9,,1
1168,72,,2
1169,38,,3
1170,66,,2
1171,30,,3
1172,29,,2
1173,6,,1
1174,29,,1
1175,98,,3
1176,62,,2
1177,16,,3
1178,42,,2
1179,55,,1
1180,31,,2
1181,12,,1
1182,4,,4
1183,85,,3
1184,47,,2
1185,29,,5
1186,53,,4
1187,48,,3
1188,27,,2
1189,42,,3
1190,10,,1
1191,11,,3
1192,77,,3
1193,3,,1
1194,21,,2
1195,63,,3
1196,82,,1
1197,38,,1
1198,55,,2
1199,35,,1
1200,5,,1
1201,28,,3
1202,29,,1
1203,34,,3
1204,46,,3
1205,19,,1
1206,7,,2
1207,2,,3
1208,17,,2
1209,67,,2
1210,21,,3
1211,43,,2
1212,26,,2
1213,31,,2
1214,15,,1
1215,79,,2
1216,11,,3
1217,5,,2
1218,8,,4
1219,11,,2
1220,13,,2
1221,33,,1
1222,6,,3
1223,74,,2
1224,6,,2
1225,25,,4
1226,49,,2
1228,61,,4
1229,31,,2
1230,7,,3
1231,28,,2
1232,64,,2
1233,4,,2
1234,21,,1
1235,43,,1
1236,38,,2
1237,59,,2
1238,79,,2
1239,17,,3
1240,4,,2
1242,63,,1
1243,7,,1
1244,36,,2
1245,43,,1
1246,8,,2
1247,30,,3
1248,18,,3
1249,10,,1
1251,11,,2
1252,0,,2
1253,31,,2
1254,58,,4
1255,38,,1
1256,39,,4
1258,999,,2
1259,21,,2
1260,61,,1
1261,55,,1
1262,5,,2
1263,6,,5
1264,42,,2
1265,37,,1
1266,35,,3
1267,35,,1
1268,29,,2
1269,12,,1
1270,40,,1
1271,35,,1
1272,6,,2
1273,6,,1
1274,59,,3
1275,37,,2
1276,2,,2
1277,17,,3
1278,40,,2
1279,91,,3
1280,49,,1
1281,8,,3
1282,27,,2
1283,70,,2
1284,45,,3
1285,14,,3
1286,16,,2
1287,34,,2
1288,14,,4
1289,36,,2
1290,39,,4
1291,2,,3
1292,32,,3
1293,38,,2
1294,45,,2
1295,51,,2
1296,70,,1
1297,84,,2
1298,8,,2
1299,74,,4
1300,24,,2
1301,35,,3
1302,20,,4
1303,3,,3
1304,26,,3
1305,53,,2
1306,15,,2
1307,21,,2
1308,51,,1
1309,10,,2
1310,29,,1
1311,29,,3
1312,13,,3
1313,17,,1
1314,48,,2
1315,54,,3
1316,34,,4
1317,29,,3
1318,64,,3
1319,18,,1
1320,49,,2
1321,15,,2
1322,3,,4
1323,22,,3
1324,64,,2
1325,10,,1
1326,3,,1
1327,12,,4
1328,65,,2
1329,42,,5
1330,3,,1
1331,9,,2
1332,27,,3
1333,47,,3
1334,27,,3
1335,3,,1
1336,1,,3
1337,28,,2
1338,9,,2
1339,19,,2
1340,74,,3
1341,21,,1
1342,36,,1
1343,5,,1
1344,20,,1
1345,19,,2
1346,22,,2
1347,6,,1
1348,40,,2
1349,69,,3
1350,13,,1
1351,33,,5
1352,33,,2
1353,44,,2
1354,48,,1
1355,43,,1
1356,73,,1
1357,33,,3
1358,17,,3
1359,10,,2
1360,76,,2
1361,25,,2
1362,83,,2
1363,18,,4
1364,1,,3
1365,80,,3
1366,1,,3
1367,8,,1
1368,39,,1
1369,27,,2
1370,67,,2
1371,22,,3
1372,63,,1
1373,40,,2
1374,10,,2
1375,20,,1
1376,7,,2
1377,38,,3
1378,10,,1
1379,50,,2
1380,3,,2
1381,80,,2
1382,78,,2
1383,63,,1
1384,58,,2
1385,78,,3
1386,84,,3
1387,10,,3
1388,51,,2
1389,42,,4
1390,97,,2
1391,9,,2
1392,50,,4
1393,8,,3
1394,21,,4
1395,7,,2
1396,54,,3
1397,30,,1
1398,1,,2
1399,43,,2
1400,9,,2
1401,35,,3
1402,9,,3
1403,18,,3
1404,96,,1
1405,43,,1
1406,14,,3
1407,29,,2
1408,12,,1
1409,7,,2
1410,47,,2
1411,56,,3
1412,40,,1
1413,21,,2
1414,54,,1
1415,6,,2
1416,2,,2
1417,55,,2
1418,31,,2
1419,4,,2
1420,27,,3
1421,82,,2
1422,81,,1
1423,7,,1
1424,18,,2
1425,65,,1
1426,39,,3
1427,3,,2
1428,999,,3
1429,45,,1
1430,75,,1
1431,30,,3
1432,95,,2
1433,9,,2
1434,999,,5
1435,39,,2
1436,7,,3
1437,0,,2
1438,24,,2
1439,94,,1
1440,61,,1
1441,58,,2
1442,15,,3
1443,26,,2
1444,18,,1
1445,24,,3
1446,15,,3
1447,61,,3
1448,22,,2
1449,29,,2
1450,0,,1
1451,8,,1
1452,58,,2
1453,46,,4
1454,88,,2
1455,13,,2
1456,35,,3
1457,45,,2
1458,10,,1
1459,68,,2
1460,13,,1
1461,42,,3
1462,28,,2
1463,28,,3
1464,34,,2
1465,69,,1
1466,40,,3
1467,36,,4
1468,35,,3
1469,32,,3
1470,11,,2
1471,1,,3
1472,69,,1
1473,76,,4
1474,2,,1
1475,23,,5
1476,50,,2
1477,10,,3
1478,25,,2
1479,11,,1
1480,23,,2
1481,35,,2
1482,19,,1
1483,34,,3
1484,54,,2
1485,40,,1
1486,7,,3
1487,46,,3
1488,46,,3
1489,58,,1
1490,13,,1
1491,63,,1
1492,71,,2
1493,1,,1
1494,25,,3
1495,33,,3
1496,65,,3
1497,7,,2
1498,17,,1
1499,17,,2
1500,52,,4
1501,34,,3
1502,12,,2
1503,42,,3
1504,48,,1
1505,7,,3
1506,9,,2
1507,8,,2
1508,64,,4
1509,31,,1
1510,52,,1
1511,42,,1
1512,7,,4
1513,1,,2
1514,18,,2
1515,2,,2
1516,17,,2
1517,95,,1
1518,26,,2
1519,50,,2
1520,28,,2
1521,58,,2
1522,41,,4
1523,2,,2
1524,11,,2
1525,6,,2
1526,51,,2
1527,87,,3
1528,999,,5
1529,79,,3
1530,31,,2
1531,64,,2
1532,58,,3
1533,97,,1
1534,8,,3
1535,24,,2
1536,5,,1
1537,58,,1
1538,14,,2
1539,37,,1
1540,5,,2
1541,35,,2
1542,14,,2
1543,43,,2
1544,22,,1
1545,12,,2
1546,18,,2
1547,95,,4
1548,25,,3
1549,24,,3
1550,4,,4
1551,2,,3
1552,12,,2
1553,50,,2
1554,29,,2
1555,18,,3
1556,53,,4
1557,54,,2
1558,12,,3
1559,48,,1
1560,42,,1
1561,52,,2
1563,46,,3
1564,12,,5
1565,49,,1
1566,10,,1
1567,2,,4
1568,30,,2
1569,85,,2
1570,16,,2
1571,39,,1
1572,53,,2
1573,21,,1
1574,34,,3
1575,6,,2
1576,52,,3
1577,83,,5
1578,69,,2
1579,9,,3
1580,42,,2
1581,99,,3
1582,68,,3
1583,57,,1
1584,67,,1
1585,26,,2
1586,22,,3
1587,3,,1
1588,15,,4
1589,4,,2
1590,76,,1
1591,24,,4
1592,90,,3
1593,21,,2
1594,25,,2
1595,7,,2
1596,3,,2
1597,24,,1
1598,75,,1
1599,41,,
1600,7,,2
1601,58,,3
1602,9,,2
1603,27,,3
1604,14,,2
1605,75,,2
1606,28,,2
1607,45,,1
1608,25,,2
1609,16,,2
1610,8,,3
1611,16,,2
1613,10,,1
1614,4,,1
1615,6,,2
1616,51,,4
1617,59,,2
1618,3,,3
1619,49,,3
1620,52,,2
1621,11,,3
1622,70,,3
1623,2,,1
1624,11,,2
1625,18,,2
1626,10,,3
1627,13,,3
1628,34,,2
1629,9,,4
1630,66,,1
1631,68,,1
1632,8,,2
1633,99,,3
1634,38,,1
1635,65,,2
1636,1,,1
1637,33,,3
1638,31,,3
1639,30,,3
1640,24,,3
1641,13,,3
1642,68,,2
1643,33,,2
1644,13,,3
1645,71,,1
1646,43,,2
1647,47,,3
1648,0,,1
1649,37,,1
1650,37,,2
1651,34,,3
1652,47,,2
1653,28,,2
1654,42,,2
1655,79,,3
1656,60,,1
1657,73,,1
1658,83,,1
1659,70,,4
1660,5,,1
1661,87,,3
1662,69,,2
1663,21,,2
1664,69,,3
1665,26,,2
1666,0,,3
1667,999,,2
1668,17,,2
1669,4,,2
1670,31,,3
1671,97,,2
1672,12,,1
1673,18,,2
1675,88,,3
1676,43,,3
1677,35,,4
1678,25,,4
1679,35,,4
1680,41,,3
1681,12,,2
1682,92,,3
1684,55,,2
1685,7,,1
1686,79,,1
1687,58,,2
1688,39,,1
1689,23,,3
1690,6,,1
1691,18,,2
1692,24,,2
1693,73,,2
1694,26,,1
1695,27,,1
1696,999,,5
1697,32,,2
1698,5,,3
1699,29,,2
1700,92,,1
1701,51,,1
1702,49,,1
1703,69,,3
1704,22,,3
1705,53,,4
1706,8,,1
1707,23,,3
1708,76,,2
1709,0,,1
1710,47,,2
1711,38,,2
1712,21,,1
1713,44,,3
1714,97,,1
1715,23,,2
1716,9,,2
1717,34,,2
1718,5,,5
1719,87,,2
1720,15,,2
1721,18,,2
1722,77,,1
1723,48,,2
1724,999,,3
1725,19,,3
1726,34,,2
1727,67,,1
1728,50,,1
1730,22,,3
1731,16,,2
1732,26,,1
1733,3,,1
1735,10,,1
1736,54,,3
1737,53,,3
1738,42,,3
1739,64,,2
1740,94,,2
1741,34,,2
1742,35,,2
1743,39,,1
1744,36,,4
1745,46,,2
1746,56,,1
1747,52,,2
1748,41,,2
1749,86,,3
1750,3,,
1751,74,,1
1752,20,,1
1753,20,,1
1754,52,,3
1755,73,,2
1756,41,,3
1757,64,,4
1758,29,,3
1759,32,,2
1760,18,,3
1761,56,,1
1762,22,,2
1763,22,,1
1764,24,,3
1765,80,,2
1766,31,,2
1767,50,,3
1768,4,,3
1769,24,,2
1770,10,,1
1771,85,,2
1772,26,,3
1773,19,,2
1776,3,,3
1777,41,,2
1778,77,,1
1779,17,,3
1780,74,,2
1781,38,,2
1782,53,,1
1783,13,,1
1784,66,,2
1785,78,,2
1786,35,,2
1787,89,,1
1788,5,,3
1789,44,,3
1790,24,,3
1791,32,,3
1792,50,,2
1793,77,,3
1794,20,,1
1795,86,,3
1796,45,,1
1797,51,,2
1798,52,,1
1799,61,,2
1800,45,,4
1801,69,,2
1802,45,,1
1803,80,,1
1804,48,,2
1805,5,,2
1806,80,,1
1807,38,,3
1808,29,,2
1810,23,,3
1811,8,,3
1812,82,,3
1813,58,,1
1814,18,,2
1815,40,,3
1816,7,,2
1817,0,,1
1818,37,,1
1819,55,,2
1820,5,,2
1821,7,,2
1822,15,,2
1823,11,,2
1824,49,,4
1825,28,,2
1826,63,,3
1827,27,,2
1828,33,,2
1829,61,,3
1830,58,,2
1831,14,,3
1832,5,,1
1833,88,,3
1834,21,,2
1835,13,,2
1836,75,,3
1837,65,,2
1838,38,,1
1839,1,,1
1840,11,,1
1841,7,,1
1842,27,,5
1843,45,,5
1844,1,,2
1845,51,,2
1846,31,,4
1847,4,,2
1848,57,,3
1849,42,,3
1850,11,,2
1851,48,,2
1852,17,,3
1853,54,,1
1854,16,,2
1855,19,,
1856,6,,2
1857,15,,2
1858,13,,3
1859,14,,2
1860,49,,1
1861,39,,1
1862,85,,2
1863,80,,4
1864,10,,5
1865,44,,4
1866,14,,2
1867,7,,2
1868,93,,3
1869,58,,3
1870,16,,4
1871,17,,3
1872,22,,2
1873,46,,3
1874,6,,3
1875,49,,3
1876,1,,3
1877,12,,3
1878,7,,2
1879,69,,2
1880,3,,4
1881,87,,2
1882,15,,2
1883,38,,4
1884,6,,3
1885,29,,3
1886,25,,2
1887,61,,4
1888,57,,4
1889,54,,3
1890,1,,2
1891,7,,2
1892,0,,2
1893,8,,3
1894,54,,1
1895,22,,3
1896,50,,2
1897,21,,1
1898,84,,1
1899,32,,3
1900,74,,2
1901,51,,2
1902,40,,2
1903,26,,2
1904,42,,4
1905,47,,3
1906,52,,2
1907,17,,2
1908,32,,1
1909,35,,3
1910,37,,3
1911,37,,1
1912,58,,4
1913,85,,1
1914,10,,2
1915,4,,2
1916,27,,1
1917,1,,1
1918,78,,2
1919,92,,2
1920,82,,2
1921,0,,3
1922,28,,2
1923,18,,3
1924,28,,3
1925,95,,1
1926,28,,2
1927,1,,3
1928,34,,4
1929,53,,3
1930,19,,2
1931,17,,2
1932,72,,3
1934,35,,3
1935,23,,1
1936,18,,2
1937,62,,2
1938,12,,3
1939,79,,1
1940,35,,3
1941,39,,3
1942,61,,3
1943,29,,3
1944,23,,2
1945,53,,4
1946,9,,3
1947,9,,1
1948,13,,3
1949,13,,2
1950,8,,2
1951,24,,3
1952,12,,1
1953,45,,3
1954,13,,2
1955,52,,2
1956,8,,1
1957,62,,1
1958,68,,3
1959,55,,1
1960,23,,2
1961,8,,1
1962,13,,
1963,6,,1
1964,14,,3
1965,21,,3
1966,40,,2
1967,7,,3
1968,26,,1
1969,23,,4
1970,26,,4
1971,36,,2
1972,9,,3
1973,71,,2
1976,6,,2
1977,86,,1
1978,7,,2
1979,22,,1
1980,45,,1
1981,70,,3
1982,98,,3
1983,40,,3
1984,5,,1
1985,37,,2
1986,61,,2
1987,4,,1
1988,37,,3
1989,89,,2
1990,18,,1
1991,34,,3
1992,15,,2
1993,8,,3
1994,83,,2
1995,27,,1
1996,73,,3
1997,3,,2
1998,6,,2
1999,32,,3
2000,30,,2
2001,23,,4
2002,41,,1
2003,7,,5
2004,55,,2
2005,47,,2
2006,20,,3
2007,66,,3
2008,0,,1
2009,2,,2
2010,13,,3
2011,9,,2
2012,22,,4
2013,5,,2
2014,13,,5
2015,1,,1
2016,31,,1
2017,36,,3
2018,8,,
2019,42,,2
2020,1,,1
2021,17,,3
2022,31,,4
2023,14,,1
2024,34,,2
2025,26,,3
2026,43,,4
2027,14,,1
2028,25,,2
2029,17,,2
2030,58,,2
2031,13,,4
2032,11,,3
2033,72,,3
2034,83,,2
2035,23,,3
2036,49,,2
2037,12,,2
2039,46,,3
2040,66,,1
2041,43,,3
2042,61,,2
2043,25,,1
2044,29,,3
2045,38,,4
2046,15,,4
2047,18,,2
2048,13,,3
2049,26,,3
2050,999,,5
2051,38,,1
2052,999,,1
2053,34,,4
2054,11,,2
2055,13,,3
2056,62,,3
2057,47,,2
2058,89,,1
2059,40,,2
2060,9,,2
2061,23,,2
2062,2,,1
2063,42,,1
2064,58,,3
2065,51,,4
2066,61,,1
2067,59,,2
2068,74,,1
2069,57,,1
2070,30,,2
2071,58,,3
2072,95,,3
2073,10,,2
2074,19,,2
2075,25,,2
2076,61,,3
2077,30,,3
2078,32,,4
2079,16,,1
2080,21,,3
2081,67,,2
2082,7,,1
2083,18,,3
2084,26,,1
2085,53,,2
2086,35,,2
2087,58,,1
2088,78,,1
2089,17,,2
2090,66,,1
2091,44,,3
2092,19,,4
2093,75,,3
2094,80,,1
2095,36,,2
2096,62,,1
2097,52,,1
2098,3,,2
2099,25,,2
2100,21,,1
2101,70,,2
2102,41,,1
2103,78,,2
2104,31,,3
2105,53,,4
2106,39,,2
2107,69,,3
2108,83,,2
2109,23,,2
2110,10,,1
2111,27,,3
2112,44,,1
2113,7,,4
2114,63,,1
2115,20,,2
2116,14,,1
2118,2,,2
2119,45,,2
2120,0,,1
2121,81,,3
2122,60,,3
2123,50,,2
2124,79,,2
2125,22,,2
2126,41,,1
2127,19,,4
2128,14,,2
2129,6,,3
2130,38,,2
2131,19,,4
2132,34,,2
2133,40,,1
2134,0,,4
2135,44,,3
2136,7,,3
2137,16,,2
2138,44,,2
2139,44,,2
2140,15,,2
2141,24,,3
2142,72,,1
2143,67,,3
2144,50,,1
2145,5,,2
2146,37,,3
2147,31,,3
2148,44,,2
2149,10,,2
2150,35,,2
2151,36,,2
2152,5,,2
2153,13,,1
2154,35,,3
2155,68,,3
2156,10,,2
2157,89,,5
2158,12,,3
2159,19,,2
2160,5,,4
2161,80,,4
2162,2,,3
2163,56,,3
2164,4,,3
2165,86,,1
2166,34,,2
2167,55,,3
2168,38,,2
2169,27,,1
2170,62,,1
2171,79,,3
2172,28,,3
2173,48,,3
2174,11,,3
2175,43,,2
2176,36,,1
2177,18,,2
2178,30,,1
2179,999,,1
2180,93,,1
2181,34,,2
2182,18,,3
2183,95,,3
2184,23,,1
2185,23,,1
2186,1,,3
2187,0,,2
2188,36,,4
2189,11,,2
2190,22,,2
2191,22,,1
2192,999,,3
2193,19,,2
2194,25,,1
2196,73,,3
2197,7,,2
2198,72,,1
2199,3,,1
2200,1,,2
2201,22,,2
2202,4,,2
2203,81,,3
2204,30,,1
2205,9,,4
2206,45,,2
2207,18,,3
2208,16,,2
2209,86,,3
2210,98,,2
2211,19,,1
2212,0,,1
2213,5,,3
2214,18,,2
2215,73,,1
2216,96,,2
2217,45,,2
2218,999,,2
2219,14,,3
2220,37,,3
2221,75,,1
2222,52,,2
2223,34,,4
2224,39,,4
2225,44,,2
2226,16,,1
2227,52,,4
2228,10,,3
2229,4,,4
2230,16,,3
2231,59,,3
2232,5,,1
2233,9,,2
2234,13,,2
2235,19,,
2236,58,,1
2237,20,,
2238,29,,4
2239,9,,2
2240,48,,2
2241,29,,2
2242,59,,2
2243,8,,1
2244,8,,3
2245,6,,3
2246,25,,2
2247,999,,5
2248,41,,3
2249,47,,2
2250,42,,2
2251,6,,2
2252,19,,2
2253,35,,4
2254,6,,1
2255,75,,1
2256,41,,3
2257,74,,2
2258,17,,2
2259,18,,3
2260,22,,1
2261,38,,2
2262,12,,2
2263,63,,2
2264,1,,4
2265,62,,1
2266,7,,1
2267,5,,1
2268,22,,2
2269,62,,3
2270,1,,4
2271,81,,3
2272,19,,3
2273,9,,1
2274,29,,2
2275,40,,2
2276,61,,3
2277,77,,1
2278,999,,2
2279,19,,2
2280,9,,2
2281,18,,2
2282,62,,2
2283,42,,4
2284,6,,2
2285,9,,2
2286,47,,3
2287,14,,2
2288,21,,2
2289,64,,2
2290,8,,1
2291,1,,2
2292,6,,5
2293,6,,1
2294,51,,2
2295,41,,2
2296,3,,4
2297,17,,2
2298,19,,3
2299,30,,2
2300,13,,2
2301,40,,3
2302,32,,1
2303,7,,4
2304,22,,1
2305,999,,1
2306,25,,2
2307,45,,3
2308,41,,2
2309,80,,1
2310,86,,3
2311,34,,2
2312,52,,2
2313,36,,1
2314,98,,2
2315,93,,2
2316,29,,2
2317,22,,1
2318,26,,3
2319,24,,3
2320,3,,3
2321,16,,1
2323,29,,3
2324,6,,2
2325,65,,2
2326,59,,3
2327,66,,1
2328,42,,1
2329,2,,4
2330,16,,2
2331,47,,1
2332,68,,2
2333,96,,3
2334,58,,2
2336,94,,3
2337,8,,3
2338,8,,3
2339,62,,3
2340,46,,2
2341,74,,2
2342,41,,1
2343,7,,1
2344,85,,1
2345,62,,2
2346,67,,3
2347,28,,4
2348,50,,2
2349,24,,1
2350,60,,2
2351,19,,4
2352,98,,3
2354,26,,2
2355,47,,5
2356,10,,4
2357,1,,1
2358,21,,4
2359,5,,2
2360,69,,2
2361,20,,2
2362,38,,3
2363,49,,2
2364,17,,3
2365,35,,2
2366,39,,1
2367,45,,4
2368,79,,3
2369,16,,3
2370,41,,2
2371,37,,1
2372,0,,2
2373,46,,3
2374,8,,2
2375,6,,2
2376,44,,2
2377,17,,3
2378,25,,4
2379,23,,1
2380,10,,2
2381,68,,1
2382,72,,3
2383,41,,1
2384,7,,3
2385,31,,3
2386,79,,2
2387,62,,1
2388,17,,3
2389,50,,3
2390,72,,2
2391,40,,1
2392,2,,1
2393,48,,3
2394,84,,3
2395,0,,5
2396,85,,1
2397,17,,4
2398,51,,3
2399,17,,2
2401,45,,2
2402,25,,2
2403,69,,4
2404,2,,4
2405,26,,1
2406,72,,2
2407,21,,1
2408,84,,4
2409,34,,1
2410,44,,1
2411,49,,1
2412,30,,3
2413,59,,2
2414,11,,1
2415,28,,2
2416,54,,4
2417,8,,3
2418,81,,2
2419,10,,3
2420,83,,1
2421,10,,1
2422,35,,2
2423,49,,3
2424,46,,1
2425,53,,1
2426,19,,2
2427,73,,3
2428,36,,1
2429,6,,2
2430,88,,3
2431,37,,
2432,39,,1
2433,81,,1
2434,4,,2
2435,33,,2
2436,64,,2
2437,39,,3
2438,58,,1
2439,2,,3
2440,23,,
2441,57,,3
2442,48,,2
2443,5,,3
2444,27,,1
2445,33,,4
2446,20,,2
2447,0,,3
2448,61,,2
2449,62,,3
2450,53,,2
2451,22,,2
2452,93,,3
2453,78,,1
2454,53,,2
2455,51,,1
2456,9,,1
2457,60,,1
2458,13,,2
2459,36,,1
2461,1,,2
2462,46,,3
2463,36,,2
2464,43,,1
2465,33,,2
2466,86,,
2467,13,,1
2468,41,,4
2469,8,,3
2470,8,,2
2471,14,,1
2472,14,,3
2473,27,,3
2474,60,,1
2475,51,,2
2476,68,,1
2477,31,,2
2478,11,,3
2480,88,,2
2481,12,,2
2482,79,,2
2483,5,,3
2484,63,,1
2485,18,,3
2486,4,,2
2487,35,,1
2488,44,,1
2489,37,,1
2490,999,,2
2491,79,,5
2492,43,,3
2493,77,,3
2494,77,,3
2495,6,,2
2496,49,,1
2497,3,,2
2498,63,,1
2499,6,,1
2500,4,,3
2501,70,,2
2502,37,,2
2503,40,,3
2504,11,,3
2505,10,,3
2506,12,,1
2507,3,,1
2508,60,,3
2509,15,,3
2510,11,,4
2511,45,,2
2512,24,,3
2513,65,,1
2514,46,,3
2515,10,,2
2516,55,,1
2517,2,,2
2518,89,,3
2519,30,,3
2520,51,,2
2521,7,,2
2522,54,,2
2523,12,,2
2524,62,,3
2525,35,,2
2526,1,,1
2527,10,,3
2528,23,,2
2529,3,,4
2530,33,,2
2531,77,,2
2532,2,,3
2533,36,,1
2534,44,,1
2535,66,,1
2536,10,,2
2537,80,,2
2538,17,,3
2539,27,,3
2540,30,,2
2541,56,,5
2542,13,,1
2543,13,,2
2544,42,,4
2545,17,,2
2546,39,,2
2547,61,,2
2548,16,,4
2549,12,,3
2550,999,,2
2551,45,,3
2552,5,,4
2553,99,,1
2554,38,,3
2555,29,,2
2556,48,,1
2557,15,,2
2558,55,,3
2559,41,,2
2560,12,,1
2561,29,,1
2562,49,,2
2563,7,,3
2564,33,,4
2565,67,,1
2566,17,,1
2567,38,,5
2568,31,,2
2569,36,,2
2570,25,,4
2571,71,,3
2572,22,,3
2573,61,,3
2574,29,,1
2575,7,,2
2576,12,,2
2577,74,,1
2578,14,,1
2579,34,,2
2580,40,,1
2581,63,,4
2582,79,,2
2583,27,,1
2584,13,,2
2585,2,,4
2586,31,,1
2587,42,,1
2588,5,,3
2589,60,,4
2590,4,,2
2591,19,,3
2592,21,,2
2593,40,,3
2594,55,,1
2595,54,,1
2596,12,,2
2597,30,,1
2598,68,,1
2599,34,,2
2600,32,,4
2601,38,,2
2603,9,,1
2604,22,,2
2605,30,,3
2606,28,,4
2607,21,,2
2608,23,,3
2609,68,,3
2610,46,,2
2611,83,,1
2612,5,,3
2613,10,,2
2614,58,,4
2615,22,,2
2616,17,,4
2617,48,,2
2618,39,,1
2619,36,,3
2620,70,,2
2621,28,,2
2622,12,,1
2623,53,,1
2624,63,,2
2625,95,,2
2626,32,,3
2627,90,,2
2628,26,,1
2629,23,,1
2630,25,,1
2631,26,,2
2632,13,,2
2633,33,,2
2634,11,,1
2635,2,,2
2636,62,,2
2637,59,,2
2638,6,,1
2640,8,,3
2641,85,,3
2642,98,,3
2643,34,,2
2644,32,,3
2645,51,,5
2646,4,,4
2647,45,,3
2648,27,,2
2649,61,,4
2650,16,,3
2651,3,,1
2652,91,,3
2653,44,,4
2654,16,,2
2655,19,,1
2656,59,,2
2657,96,,2
2658,11,,2
2659,55,,2
2660,20,,2
2661,84,,3
2662,3,,5
2663,54,,2
2664,59,,2
2665,42,,2
2666,16,,1
2667,81,,1
2668,33,,3
2669,24,,3
2670,45,,1
2671,999,,5
2672,35,,1
2673,15,,2
2674,53,,3
2675,11,,1
2676,14,,3
2677,4,,2
2678,58,,3
2679,47,,4
2680,70,,2
2681,47,,3
2682,13,,2
2683,45,,3
2684,14,,1
2685,80,,1
2686,66,,3
2687,3,,1
2688,9,,2
2689,25,,1
2690,24,,1
2691,96,,2
2692,5,,2
2693,16,,3
2694,12,,3
2695,16,,2
2696,16,,2
2697,20,,2
2698,22,,2
2699,12,,4
2700,4,,2
2701,61,,1
2702,9,,3
2703,36,,2
2704,21,,1
2705,60,,1
2706,65,,4
2707,41,,2
2708,3,,3
2709,13,,1
2710,71,,4
2711,86,,2
2712,8,,1
2713,23,,2
2714,39,,2
2715,9,,1
2716,82,,5
2717,72,,1
2718,48,,3
2719,61,,1
2720,34,,3
2721,18,,4
2722,11,,1
2723,48,,5
2724,80,,3
2725,2,,1
2726,77,,2
2727,11,,4
2728,74,,2
2729,1,,2
2730,21,,2
2731,15,,2
2732,44,,1
2733,20,,2
2734,17,,2
2735,17,,1
2736,35,,3
2737,48,,3
2738,46,,1
2739,29,,4
2740,4,,3
2741,48,,1
2742,1,,1
2743,50,,3
2744,4,,3
2745,42,,2
2746,47,,3
2747,43,,3
2748,75,,1
2749,3,,1
2751,36,,2
2752,49,,1
2753,32,,2
2754,27,,1
2755,46,,2
2756,42,,4
2757,50,,3
2758,17,,2
2759,93,,1
2760,8,,2
2761,29,,4
2762,93,,1
2763,92,,1
2764,999,,3
2765,29,,3
2766,80,,
2767,13,,2
2768,38,,4
2769,50,,3
2770,16,,1
2771,36,,3
2772,93,,1
2773,20,,3
2774,60,,2
2775,48,,2
2776,24,,2
2777,63,,4
2778,60,,2
2779,13,,1
2781,6,,2
2782,9,,2
2783,3,,1
2784,32,,2
2785,11,,1
2786,16,,4
2787,40,,1
2788,93,,1
2789,6,,4
2790,25,,2
2791,73,,1
2792,3,,1
2793,92,,2
2794,22,,2
2795,36,,2
2796,39,,3
2797,13,,2
2798,20,,2
2799,27,,1
2800,37,,3
2801,13,,3
2802,86,,4
2803,24,,2
2804,999,,5
2805,28,,3
2806,87,,2
2807,50,,3
2808,57,,2
2809,56,,2
2810,51,,3
2811,53,,3
2812,10,,2
2813,3,,3
2814,12,,2
2815,26,,3
2816,2,,1
2817,7,,5
2818,57,,3
2819,72,,1
2820,26,,1
2821,7,,2
2822,18,,3
2823,34,,3
2824,11,,2
2825,38,,2
2826,20,,1
2827,1,,2
2828,1,,4
2829,56,,2
2830,23,,4
2831,99,,2
2832,4,,3
2833,68,,5
2834,18,,4
2835,42,,1
2836,3,,1
2837,52,,2
2838,0,,1
2839,15,,4
2840,23,,1
2841,22,,2
2842,999,,2
2843,64,,3
2844,55,,2
2845,17,,1
2846,38,,2
2847,15,,2
2848,17,,1
2849,6,,2
2850,34,,1
2851,43,,3
2852,42,,2
2853,12,,1
2854,98,,1
2855,15,,2
2856,5,,2
2857,27,,2
2858,13,,1
2859,29,,4
2860,51,,1
2861,17,,5
2862,22,,3
2863,48,,2
2864,75,,3
2865,63,,1
2866,49,,3
2867,59,,2
2868,37,,3
2869,12,,1
2870,22,,3
2871,34,,3
2872,32,,2
2873,50,,2
2874,24,,3
2875,73,,1
2876,16,,2
2877,79,,5
2878,999,,5
2879,65,,4
2880,62,,3
2881,59,,3
2882,14,,2
2883,26,,2
2884,55,,2
2885,24,,3
2886,95,,2
2887,62,,2
2888,60,,4
2889,1,,3
2890,2,,3
2891,82,,2
2892,50,,3
2893,40,,2
2894,41,,1
2895,31,,2
2896,53,,2
2897,63,,3
2898,21,,3
2899,64,,3
2900,10,,2
2901,16,,
2902,26,,2
2903,63,,2
2904,89,,1
2905,95,,3
2906,10,,2
2907,63,,2
2908,69,,1
2909,4,,3
2910,2,,3
2911,11,,3
2912,24,,2
2913,47,,1
2914,46,,4
2915,68,,2
2916,65,,4
2917,49,,3
2918,16,,2
2919,8,,3
2920,17,,3
2922,67,,3
2923,6,,1
2924,1,,2
2925,21,,3
2926,47,,2
2927,59,,3
2928,1,,1
2929,58,,3
2930,50,,1
2931,25,,3
2932,77,,2
2933,39,,2
2934,999,,5
2935,57,,2
2936,9,,3
2937,1,,2
2938,55,,2
2939,41,,2
2940,56,,2
2941,19,,3
2943,1,,3
2945,43,,2
2946,35,,3
2947,47,,4
2948,42,,3
2949,39,,2
2950,26,,3
2951,27,,2
2952,42,,2
2953,61,,1
2954,52,,2
2955,11,,3
2956,8,,3
2957,10,,2
2958,66,,3
2959,1,,1
2960,25,,2
2961,88,,2
2962,5,,2
2963,81,,2
2964,59,,4
2965,56,,
2966,11,,3
2967,61,,1
2968,9,,3
2969,39,,3
2970,25,,4
2971,16,,2
2972,23,,3
2973,26,,2
2974,23,,5
2975,5,,1
2976,33,,2
2977,42,,2
2978,54,,1
2979,999,,2
2980,21,,2
2981,35,,2
2982,84,,2
2983,66,,2
2984,5,,2
2985,31,,1
2986,2,,3
2987,2,,1
2988,29,,2
2989,27,,1
2990,20,,2
2991,13,,2
2992,47,,2
2993,39,,1
2994,2,,1
2995,48,,2
2996,48,,3
2997,38,,4
2998,50,,1
2999,18,,3
3000,59,,3
3001,24,,2
3002,38,,2
3003,19,,3
3004,26,,3
3005,43,,1
3006,51,,1
3007,74,,1
3008,1,,2
3009,11,,1
3010,69,,1
3011,999,,1
3012,6,,2
3013,24,,2
3014,24,,2
3015,90,,2
3016,13,,2
3019,13,,2
3020,12,,4
3021,1,,3
3022,21,,3
3023,77,,4
3024,11,,3
3025,0,,2
3026,65,,2
3027,2,,1
3028,48,,2
3029,66,,3
3030,56,,1
3031,23,,2
3032,10,,3
3033,1,,3
3034,35,,1
3035,1,,2
3036,17,,1
3037,20,,1
3038,8,,3
3039,53,,2
3040,16,,1
3041,0,,2
3042,64,,1
3043,1,,2
3044,86,,1
3045,12,,3
3046,33,,2
3047,25,,4
3048,36,,2
3049,27,,1
3050,42,,2
3051,40,,1
3052,42,,1
3053,33,,2
3054,65,,3
3055,33,,2
3056,999,,2
3057,34,,2
3058,10,,2
3059,30,,3
3060,24,,1
3061,28,,1
3062,46,,3
3063,61,,2
3064,25,,3
3065,74,,2
3066,48,,3
3067,17,,3
3068,66,,3
3069,11,,3
3070,11,,3
3071,64,,1
3072,48,,3
3073,15,,3
3074,15,,2
3075,9,,2
3076,63,,2
3077,57,,2
3078,57,,1
3079,62,,2
3080,0,,2
3081,12,,4
3082,42,,2
3083,21,,3
3084,73,,3
3085,41,,4
3086,82,,3
3087,49,,1
3088,46,,2
3089,21,,3
3090,32,,3
3091,11,,1
3092,74,,1
3093,30,,4
3094,26,,1
3095,51,,3
3096,52,,3
3097,26,,1
3098,11,,3
3099,27,,2
3100,96,,2
3101,1,,3
3103,49,,5
3104,31,,2
3105,10,,2
3106,34,,2
3107,29,,1
3108,64,,2
3109,9,,1
3110,46,,2
3111,26,,3
3112,83,,2
3113,15,,3
3114,44,,1
3115,26,,2
3116,89,,2
3117,28,,3
3118,61,,1
3119,20,,2
3120,99,,4
3121,22,,3
3122,52,,3
3123,69,,3
3124,41,,2
3125,35,,3
3126,35,,2
3127,31,,2
3128,3,,4
3129,50,,2
3130,12,,2
3131,33,,1
3132,23,,4
3133,15,,1
3134,24,,4
3135,17,,3
3136,6,,2
3137,19,,2
3139,14,,1
3140,48,,1
3141,70,,1
3142,16,,2
3143,73,,1
3144,32,,2
3145,44,,4
3146,5,,2
3147,22,,2
3148,34,,4
3149,68,,2
3150,39,,2
3151,64,,2
3152,4,,2
3153,999,,4
3154,20,,1
3155,12,,3
3156,62,,2
3157,59,,5
3158,7,,3
3159,77,,1
3160,39,,1
3161,92,,5
3162,85,,2
3163,53,,1
3164,61,,2
3165,67,,2
3166,40,,4
3167,29,,2
3168,32,,3
3169,40,,3
3170,68,,2
3171,15,,2
3172,21,,1
3173,13,,4
3174,95,,3
3175,34,,2
3176,8,,3
3177,3,,1
3178,52,,3
3179,6,,1
3180,22,,1
3181,17,,2
3182,56,,3
3183,61,,2
3184,0,,2
3185,21,,2
3186,43,,1
3187,14,,2
3188,62,,2
3189,52,,2
3190,26,,2
3191,1,,4
3192,3,,4
3193,34,,
3194,35,,5
3195,52,,1
3196,19,,2
3197,52,,2
3198,61,,2
3199,65,,3
3200,39,,1
3201,58,,1
3202,41,,1
3203,30,,1
3204,23,,2
3205,57,,3
3206,68,,3
3207,73,,2
3208,30,,1
3209,19,,3
3210,25,,1
3211,5,,1
3212,36,,3
3213,42,,2
3214,63,,3
3215,6,,3
3216,65,,2
3217,27,,2
3218,70,,1
3219,7,,3
3220,74,,1
3221,32,,2
3222,27,,3
3223,9,,2
3224,40,,3
3225,21,,2
3226,68,,2
3227,52,,2
3228,78,,2
3229,32,,1
3230,18,,3
3231,80,,2
3232,55,,3
3233,34,,4
3234,999,,5
3235,25,,2
3236,30,,2
3237,73,,2
3238,44,,3
3239,0,,1
3240,7,,4
3241,23,,1
3242,81,,2
3243,93,,4
3244,3,,1
3245,1,,2
3246,37,,3
3247,11,,2
3248,67,,3
3249,46,,2
3250,87,,1
3251,19,,2
3252,60,,3
3253,54,,3
3254,96,,2
3255,39,,2
3256,4,,2
3257,46,,2
3258,74,,1
3259,21,,1
3260,68,,3
3261,38,,2
3262,8,,1
3263,74,,2
3264,31,,2
3265,34,,2
3266,8,,2
3267,23,,3
3268,25,,3
3270,51,,2
3271,17,,5
3272,51,,3
3273,10,,2
3274,48,,4
3275,35,,2
3276,19,,2
3277,44,,2
3278,40,,2
3279,28,,1
3280,87,,1
3281,12,,2
3282,28,,1
3283,42,,2
3284,36,,1
3285,52,,2
3286,52,,2
3287,999,,1
3288,23,,2
3289,20,,2
3290,2,,3
3291,49,,3
3292,0,,4
3293,74,,2
3294,75,,1
3295,10,,2
3296,20,,4
3297,55,,1
3298,61,,2
3299,27,,4
3300,13,,1
3301,19,,4
3302,15,,1
3303,27,,4
3304,5,,2
3305,43,,3
3306,36,,2
3307,9,,3
3308,94,,3
3309,36,,1
3310,34,,4
3311,45,,2
3312,25,,1
3313,91,,2
3314,23,,2
3315,35,,2
3316,55,,1
3317,2,,2
3318,32,,2
3319,63,,4
3320,34,,2
3321,9,,3
3323,8,,4
3324,84,,3
3325,96,,1
3326,54,,3
3327,86,,1
3328,59,,3
3329,16,,4
3330,48,,3
3331,3,,2
3332,24,,3
3333,58,,2
3334,0,,1
3335,44,,1
3336,49,,2
3337,0,,1
3338,6,,4
3339,87,,2
3340,16,,2
3341,23,,3
3342,13,,1
3343,47,,3
3344,30,,3
3345,2,,3
3346,23,,2
3347,73,,3
3348,29,,3
3349,0,,3
3350,4,,2
3351,0,,2
3352,11,,2
3353,18,,2
3354,3,,3
3355,8,,3
3356,63,,2
3357,7,,1
3358,1,,3
3359,23,,1
3360,49,,2
3361,22,,1
3362,14,,2
3363,8,,2
3364,33,,3
3365,30,,2
3366,17,,4
3367,54,,3
3368,4,,2
3369,61,,4
3370,50,,2
3371,27,,3
3372,58,,3
3373,90,,2
3374,0,,3
3375,18,,1
3376,10,,3
3377,7,,1
3378,82,,2
3379,37,,1
3380,13,,4
3381,73,,2
3382,90,,2
3383,1,,3
3384,6,,1
3385,20,,1
3386,51,,1
3387,69,,2
3388,42,,
3389,58,,2
3390,50,,3
3391,24,,2
3392,33,,2
3393,29,,1
3394,34,,1
3395,46,,3
3396,23,,3
3398,19,,2
3399,97,,2
3400,47,,3
3401,89,,1
3402,18,,3
3403,36,,2
3404,0,,1
3405,4,,3
3406,70,,1
3407,44,,2
3408,61,,3
3410,33,,4
3411,23,,1
3412,73,,1
3413,14,,3
3414,18,,2
3415,61,,
3416,6,,3
3417,60,,1
3418,40,,2
3419,24,,3
3420,53,,1
3421,79,,1
3422,31,,2
3423,41,,1
3424,7,,4
3425,17,,2
3426,64,,2
3427,25,,2
3428,38,,
3429,17,,2
3430,16,,3
3431,0,,2
3432,25,,2
3433,31,,5
3434,6,,3
3435,6,,2
3436,41,,1
3437,13,,2
3438,61,,2
3439,72,,1
3440,16,,1
3441,17,,2
3442,53,,2
3443,15,,1
3444,21,,1
3445,43,,4
3446,61,,3
3447,33,,2
3448,46,,1
3450,49,,3
3451,34,,2
3452,36,,2
3453,72,,1
3454,72,,2
3455,26,,1
3456,33,,1
3457,77,,3
3458,58,,2
3459,63,,2
3460,61,,1
3461,16,,4
3462,51,,1
3463,22,,3
3464,15,,1
3465,20,,3
3466,24,,2
3467,27,,1
3468,34,,2
3469,61,,1
3470,50,,4
3471,66,,2
3472,26,,4
3473,14,,1
3474,54,,1
3475,30,,1
3476,74,,2
3477,40,,1
3478,39,,3
3479,62,,3
3480,29,,4
3481,47,,3
3482,68,,2
3483,63,,3
3484,71,,2
3485,32,,1
3486,60,,4
3487,68,,4
3488,11,,1
3489,2,,2
3490,99,,2
3491,24,,3
3492,63,,4
3493,30,,3
3494,67,,2
3495,0,,3
3496,4,,3
3497,18,,2
3498,54,,4
3499,17,,2
3500,24,,3
3501,65,,2
3502,56,,4
3503,16,,3
3504,14,,1
3505,17,,5
3507,44,,3
3508,29,,3
3509,42,,1
3510,76,,1
3511,31,,2
3512,24,,3
3513,19,,3
3514,93,,2
3515,1,,3
3516,0,,2
3517,38,,1
3518,38,,1
3519,0,,2
3520,999,,5
3521,56,,3
3522,83,,3
3523,79,,3
3524,21,,2
3525,16,,2
3526,68,,2
3527,16,,3
3528,23,,1
3529,61,,4
3530,4,,3
3531,39,,1
3532,25,,3
3533,16,,2
3534,61,,1
3535,38,,2
3536,51,,2
3537,56,,3
3538,64,,2
3539,37,,1
3540,999,,5
3541,22,,2
3542,12,,3
3543,39,,3
3544,7,,1
3546,39,,1
3547,65,,2
3548,3,,1
3549,44,,4
3550,14,,2
3552,36,,4
3553,28,,3
3554,70,,2
3555,54,,3
3556,1,,2
3557,35,,4
3558,27,,2
3559,2,,3
3560,72,,3
3561,68,,2
3562,24,,3
3563,7,,2
3564,37,,1
3565,48,,3
3566,45,,3
3567,55,,2
3568,82,,1
3569,48,,2
3570,23,,2
3571,51,,3
3572,18,,2
3573,3,,3
3574,15,,3
3575,97,,1
3576,1,,3
3577,40,,2
3578,6,,3
3579,60,,2
3580,39,,3
3581,36,,1
3582,11,,2
3583,36,,3
3584,4,,2
3585,62,,3
3586,33,,1
3587,45,,3
3588,6,,2
3589,20,,3
3590,18,,1
3591,72,,1
3592,5,,2
3593,25,,4
3594,9,,2
3595,41,,3
3596,14,,4
3597,44,,2
3598,8,,2
3599,31,,2
3600,50,,3
3601,57,,2
3602,24,,1
3603,41,,2
3604,34,,3
3605,76,,2
3606,57,,4
3607,64,,4
3608,36,,2
3609,33,,3
3610,57,,1
3611,25,,3
3612,3,,2
3613,52,,2
3614,33,,2
3615,39,,1
3616,3,,4
3617,6,,3
3618,8,,2
3619,65,,2
3620,0,,3
3621,25,,2
3622,33,,2
3623,65,,2
3624,30,,4
3625,61,,5
3626,13,,3
3627,33,,3
3628,82,,4
3629,62,,2
3630,49,,1
3631,999,,5
3632,46,,3
3633,58,,3
3634,12,,1
3635,8,,3
3636,6,,2
3637,34,,4
3638,34,,1
3639,59,,2
3640,78,,2
3641,53,,2
3642,12,,2
3643,52,,2
3644,5,,2
3645,999,,3
3646,23,,2
3647,18,,2
3648,85,,4
3649,42,,2
3650,53,,2
3651,36,,3
3652,35,,4
3653,26,,2
3654,51,,2
3655,37,,1
3656,10,,4
3657,36,,3
3658,77,,3
3659,56,,4
3660,8,,2
3661,23,,4
3662,36,,1
3663,7,,2
3664,1,,3
3665,15,,1
3666,93,,
3667,34,,1
3668,4,,1
3669,4,,1
3670,4,,3
3671,39,,3
3672,75,,1
3673,36,,3
3674,49,,3
3675,53,,2
3676,44,,2
3677,51,,2
3678,48,,2
3679,48,,3
3680,1,,1
3681,42,,3
3682,71,,1
3683,13,,2
3684,11,,3
3685,2,,1
3686,31,,3
3687,0,,1
3688,32,,2
3689,25,,2
3690,25,,2
3691,96,,3
3692,12,,3
3694,55,,5
3695,8,,1
3696,18,,3
3697,62,,2
3698,28,,3
3699,25,,3
3700,13,,3
3701,14,,1
3702,51,,2
3703,24,,1
3704,40,,2
3705,48,,2
3706,36,,1
3707,17,,1
3708,59,,2
3709,23,,2
3710,40,,4
3711,12,,1
3712,93,,2
3713,50,,1
3714,65,,4
3715,36,,2
3716,64,,1
3717,73,,1
3718,28,,3
3719,19,,2
3720,11,,3
3721,38,,2
3722,26,,3
3723,17,,2
3724,2,,3
3725,33,,2
3726,82,,1
3727,16,,3
3728,67,,2
3729,9,,3
3730,69,,2
3731,68,,2
3732,27,,2
3733,65,,3
3734,22,,4
3735,999,,2
3736,38,,2
3737,27,,3
3738,95,,2
3739,76,,2
3740,47,,1
3741,79,,2
3742,31,,3
3743,14,,3
3744,22,,1
3745,31,,2
3746,53,,2
3747,38,,3
3748,59,,2
3749,88,,2
3750,27,,1
3751,52,,3
3752,17,,2
3753,17,,1
3754,12,,1
3755,41,,1
3756,23,,2
3757,20,,2
3758,22,,2
3759,52,,2
3760,43,,1
3761,45,,2
3762,84,,2
3763,93,,3
3764,39,,2
3765,54,,2
3766,13,,2
3767,24,,4
3768,52,,4
3769,34,,2
3770,28,,2
3771,77,,2
3772,36,,2
3773,1,,2
3774,27,,2
3775,2,,1
3776,78,,1
3777,68,,2
3778,56,,3
3779,58,,4
3780,30,,3
3781,32,,3
3782,41,,2
3783,11,,2
3784,10,,1
3785,43,,3
3786,64,,2
3787,63,,4
3788,2,,1
3789,21,,1
3790,91,,1
3791,4,,2
3792,19,,1
3793,18,,1
3794,41,,1
3795,999,,1
3796,44,,2
3797,2,,2
3798,40,,3
3799,40,,1
3800,34,,2
3801,93,,2
3802,8,,2
3803,33,,3
3804,6,,2
3805,97,,1
3806,1,,2
3807,53,,5
3808,62,,4
3809,96,,3
3810,51,,3
3811,53,,4
3812,21,,4
3813,0,,4
3814,16,,2
3815,27,,1
3816,84,,2
3817,81,,2
3818,44,,2
3819,11,,1
3820,1,,2
3821,15,,3
3822,77,,5
3823,60,,2
3824,12,,1
3825,8,,2
3826,46,,2
3827,47,,2
3828,67,,1
3829,30,,2
3830,32,,3
3831,35,,1
3832,83,,3
3833,50,,4
3834,7,,2
3835,18,,1
3836,37,,3
3837,17,,1
3838,91,,2
3839,68,,1
3841,30,,2
3842,15,,2
3843,52,,1
3844,57,,1
3845,59,,3
3846,24,,1
3847,3,,1
3848,14,,1
3849,9,,1
3850,48,,1
3851,22,,1
3852,18,,2
3853,22,,4
3854,4,,2
3855,18,,1
3856,13,,3
3857,65,,3
3858,13,,3
3859,57,,4
3861,15,,
3862,13,,2
3863,16,,1
3865,52,,3
3866,26,,1
3867,33,,3
3868,18,,2
3869,10,,3
3870,39,,1
3871,45,,4
3872,61,,3
3873,75,,4
3874,4,,2
3875,10,,2
3876,24,,1
3877,95,,4
3878,53,,2
3879,70,,1
3880,10,,4
3881,8,,2
3882,27,,2
3884,49,,2
3885,92,,2
3886,42,,4
3887,41,,3
3888,4,,2
3889,6,,2
3890,39,,2
3891,25,,2
3892,3,,1
3893,1,,1
3894,16,,1
3895,37,,2
3896,48,,
3897,74,,1
3898,66,,2
3899,31,,3
3900,23,,1
3901,75,,2
3902,46,,1
3903,73,,2
3904,75,,3
3905,39,,1
3906,15,,2
3907,10,,3
3908,56,,2
3909,49,,2
3910,999,,4
3911,18,,2
3912,46,,2
3913,52,,4
3914,35,,2
3915,45,,3
3916,43,,3
3917,38,,1
3918,4,,2
3919,3,,3
3920,19,,3
3921,10,,4
3922,999,,2
3923,97,,3
3924,11,,3
3925,89,,3
3926,24,,2
3927,55,,3
3928,64,,2
3929,63,,1
3930,2,,1
3931,41,,2
3932,13,,2
3933,68,,3
3934,31,,2
3935,48,,3
3936,1,,2
3937,9,,1
3938,39,,3
3939,44,,2
3941,51,,4
3942,73,,2
3943,13,,3
3944,14,,3
3945,19,,2
3946,51,,2
3947,42,,3
3948,70,,4
3949,41,,3
3950,0,,2
3951,92,,1
3952,23,,1
3953,10,,1
3954,78,,2
3956,62,,4
3957,61,,1
3958,10,,2
3959,83,,1
3960,3,,1
3961,23,,3
3962,3,,1
3963,8,,2
3964,12,,1
3965,69,,2
3966,33,,2
3967,67,,3
3968,20,,3
3969,40,,2
3970,5,,4
3971,33,,2
3972,63,,5
3973,56,,4
3974,15,,3
3975,35,,2
3976,92,,1
3977,45,,5
3978,72,,4
3979,75,,3
3980,19,,2
3981,48,,2
3982,58,,3
3983,23,,2
3984,20,,4
3985,4,,2
3987,13,,1
3989,17,,2
3990,0,,
3991,3,,1
3992,16,,3
3993,48,,2
3994,33,,2
3996,26,,2
3997,18,,1
3998,8,,1
3999,17,,2
4000,47,,4
4001,22,,1
4002,63,,2
4003,43,,2
4004,999,,5
4005,33,,2
4006,53,,4
4007,82,,1
4008,51,,2
4009,61,,
4010,31,,5
4011,45,,3
4012,52,,2
4013,0,,2
4014,2,,3
4015,17,,1
4016,49,,1
4017,18,,1
4018,19,,3
4019,45,,1
4020,17,,3
4021,75,,3
4022,62,,3
4024,28,,3
4025,23,,1
4026,21,,1
4027,13,,1
4028,28,,3
4029,19,,2
4030,52,,2
4031,20,,4
4032,9,,2
4033,25,,1
4034,3,,2
4035,24,,2
4036,5,,1
4037,90,,3
4038,28,,1
4039,63,,3
4040,79,,2
4041,48,,2
4042,7,,2
4043,1,,2
4044,61,,2
4045,24,,4
4046,2,,1
4048,10,,2
4049,13,,2
4050,6,,2
4051,13,,2
4052,85,,1
4053,64,,1
4054,37,,2
4055,88,,1
4056,39,,1
4057,22,,3
4058,6,,5
4059,38,,1
4060,30,,1
4061,74,,1
4062,37,,2
4063,70,,2
4064,14,,2
4065,8,,3
4066,25,,
4067,63,,3
4068,65,,1
4069,14,,1
4070,91,,2
4071,43,,3
4072,45,,4
4073,81,,2
4074,28,,2
4075,999,,4
4076,0,,3
4077,84,,2
4078,10,,2
4079,62,,3
4080,36,,1
4081,44,,1
4082,20,,1
4083,9,,2
4084,46,,2
4085,54,,1
4086,38,,3
4087,33,,2
4088,19,,1
4089,62,,3
4090,42,,1
4091,28,,4
4092,14,,4
4093,10,,2
4094,29,,1
4095,7,,1
4096,50,,2
4097,43,,2
4098,37,,3
4099,71,,2
4100,999,,5
4101,34,,3
4102,7,,2
4103,71,,4
4104,25,,2
4105,32,,1
4106,53,,1
4107,52,,2
4108,10,,3
4109,58,,3
4110,66,,1
4111,42,,3
4112,48,,3
4113,13,,2
4114,66,,2
4115,82,,2
4116,65,,2
4117,40,,2
4118,88,,3
4119,39,,2
4120,37,,1
4121,27,,5
4122,42,,4
4123,16,,2
4124,3,,1
4125,26,,1
4126,20,,3
4127,4,,2
4128,26,,3
4129,82,,2
4130,31,,1
4131,9,,4
4132,42,,2
4133,2,,2
4134,2,,3
4135,9,,1
4136,21,,1
4137,7,,2
4138,56,,3
4139,18,,3
4140,41,,1
4141,74,,3
4142,24,,2
4143,90,,2
4144,49,,1
4145,44,,4
4146,29,,2
4147,47,,3
4148,20,,3
4149,9,,2
4150,9,,3
4151,72,,3
4152,82,,2
4153,30,,2
4154,18,,2
4155,25,,2
4156,58,,1
4157,83,,1
4158,3,,3
4159,47,,1
4160,73,,1
4161,17,,2
4162,39,,3
4163,29,,2
4164,30,,3
4165,51,,2
4166,57,,1
4167,6,,1
4168,85,,3
4169,60,,2
4170,38,,
4171,53,,1
4172,22,,3
4173,10,,1
4174,2,,3
4176,33,,2
4177,41,,2
4178,9,,3
4179,3,,1
4180,78,,2
4181,57,,2
4182,18,,3
4183,22,,2
4184,20,,1
4185,1,,3
4186,36,,4
4187,11,,4
4188,22,,2
4189,48,,3
4190,59,,3
4191,72,,1
4192,70,,1
4193,80,,2
4194,37,,3
4195,81,,1
4196,31,,2
4197,1,,3
4198,77,,2
4199,39,,1
4200,27,,3
4201,40,,2
4202,3,,2
4203,59,,2
4204,29,,2
4205,55,,2
4206,13,,1
4207,13,,4
4208,13,,3
4209,79,,3
4210,22,,1
4211,12,,1
4213,21,,1
4214,12,,2
4215,67,,2
4216,7,,3
4218,54,,5
4219,27,,2
4220,43,,4
4221,6,,3
4222,60,,
4223,6,,2
4224,73,,2
4225,30,,1
4226,41,,2
4227,33,,2
4228,56,,2
4229,86,,2
4230,36,,3
4231,10,,1
4232,92,,2
4233,69,,1
4234,10,,2
4235,6,,3
4236,18,,3
4237,67,,1
4238,41,,1
4239,49,,1
4240,35,,1
4241,46,,3
4242,24,,3
4243,31,,1
4244,20,,2
4245,15,,3
4246,16,,4
4247,1,,2
4248,25,,1
4249,4,,2
4250,69,,1
4251,47,,4
4252,8,,3
4253,1,,1
4254,39,,3
4255,23,,1
4256,36,,2
4257,58,,3
4258,8,,1
4259,8,,1
4260,5,,2
4261,23,,1
4262,27,,2
4264,33,,1
4265,31,,3
4266,8,,2
4267,66,,3
4268,63,,2
4269,0,,1
4270,5,,1
4271,29,,3
4272,15,,2
4273,63,,1
4274,62,,1
4275,14,,4
4276,70,,3
4277,60,,3
4278,9,,4
4279,8,,1
4280,25,,2
4281,13,,2
4282,3,,2
4283,1,,3
4284,45,,1
4285,18,,3
4286,53,,5
4287,85,,2
4288,38,,
4289,53,,1
4290,13,,2
4291,37,,3
4292,62,,3
4293,33,,2
4294,33,,3
4295,57,,2
4296,3,,1
4297,29,,4
4298,88,,3
4299,96,,2
4300,33,,2
4301,38,,3
4302,8,,1
4303,5,,2
4304,73,,2
4305,50,,3
4306,40,,1
4307,44,,2
4308,98,,2
4309,62,,3
4310,24,,3
4311,38,,4
4312,38,,1
4313,48,,
4314,41,,2
4315,12,,2
4316,47,,1
4317,43,,2
4318,21,,3
4319,83,,3
4320,49,,1
4321,43,,2
4322,87,,2
4323,79,,3
4324,36,,3
4325,52,,2
4326,9,,1
4327,94,,2
4328,45,,2
4329,3,,4
4330,21,,3
4331,64,,2
4332,42,,1
4333,35,,2
4334,61,,2
4335,36,,3
4336,30,,3
4337,12,,1
4338,29,,2
4339,68,,3
4340,97,,4
4341,59,,1
4342,19,,5
4343,63,,2
4344,7,,1
4345,32,,2
4346,34,,1
4347,94,,2
4348,28,,1
4349,39,,5
4350,1,,2
4351,5,,3
4352,65,,1
4353,10,,1
4354,22,,1
4355,26,,2
4356,66,,2
4357,4,,1
4358,17,,3
4359,23,,3
4360,15,,1
4361,22,,2
4362,58,,3
4363,14,,2
4364,68,,1
4365,61,,3
4366,50,,2
4367,55,,1
4368,51,,3
4369,67,,2
4370,61,,3
4371,50,,3
4372,10,,2
4373,32,,3
4374,31,,3
4375,19,,3
4376,18,,3
4377,7,,3
4378,0,,3
4379,999,,5
4380,43,,1
4382,7,,2
4383,37,,1
4384,28,,3
4385,74,,3
4386,81,,1
4387,47,,2
4388,37,,2
4389,39,,2
4390,34,,3
4391,51,,3
4392,42,,1
4394,10,,3
4395,96,,3
4396,63,,2
4397,38,,2
4398,43,,2
4399,18,,3
4400,97,,4
4401,57,,2
4402,2,,2
4403,12,,3
4404,16,,1
4405,46,,1
4406,8,,1
4407,48,,2
4408,25,,4
4409,65,,3
4410,34,,1
4411,0,,2
4412,61,,2
4413,83,,3
4414,45,,3
4415,3,,4
4416,5,,2
4417,1,,3
4418,57,,1
4419,5,,2
4420,37,,2
4421,10,,3
4422,49,,2
4423,29,,2
4424,67,,1
4425,61,,1
4426,54,,2
4427,89,,1
4428,13,,2
4429,63,,2
4430,1,,1
4431,15,,4
4432,36,,2
4433,60,,2
4434,33,,2
4435,39,,2
4436,35,,3
4437,46,,3
4438,999,,5
4439,19,,2
4441,45,,2
4443,13,,2
4444,67,,3
4445,29,,1
4446,28,,2
4447,26,,2
4448,62,,1
4449,39,,2
4450,9,,2
4451,26,,1
4453,40,,1
4454,32,,1
4455,91,,2
4456,4,,3
4457,29,,2
4458,2,,3
4459,20,,3
4460,64,,2
4461,45,,2
4462,71,,1
4463,1,,2
4464,4,,1
4465,61,,2
4466,29,,3
4467,16,,1
4468,44,,2
4469,6,,1
4470,11,,1
4471,95,,1
4472,19,,3
4473,13,,5
4474,15,,1
4475,61,,2
4476,14,,2
4477,22,,4
4478,12,,2
4479,18,,3
4480,21,,1
4481,85,,2
4482,1,,1
4483,26,,3
4484,61,,2
4485,50,,1
4486,12,,3
4487,14,,4
4488,46,,2
4489,29,,2
4490,56,,2
4491,18,,1
4492,15,,3
4493,7,,2
4495,37,,1
4496,1,,1
4497,60,,3
4498,9,,3
4499,26,,2
4500,79,,1
4501,3,,1
4502,8,,3
4503,18,,3
4504,86,,1
4505,2,,2
4506,73,,2
4507,9,,1
4508,66,,1
4509,69,,3
4510,16,,1
4511,43,,2
4512,42,,3
4513,25,,1
4514,26,,1
4515,32,,2
4516,39,,3
4517,16,,3
4518,52,,3
4519,65,,1
4520,25,,4
4521,39,,5
4522,44,,1
4523,51,,3
4524,3,,3
4525,7,,3
4526,64,,3
4527,16,,1
4528,1,,2
4529,18,,3
4530,39,,3
4531,29,,3
4533,92,,2
4535,11,,1
4536,43,,3
4537,33,,2
4538,34,,3
4539,92,,3
4541,32,,2
4542,26,,4
4543,61,,4
4544,1,,3
4545,13,,3
4546,70,,1
4547,81,,1
4548,10,,3
4549,9,,2
4550,27,,3
4551,29,,3
4552,7,,1
4553,8,,3
4554,9,,2
4555,999,,5
4556,16,,1
4557,7,,1
4558,30,,2
4559,73,,3
4560,33,,3
4561,80,,1
4562,73,,4
4563,11,,2
4564,14,,1
4565,30,,3
4566,6,,1
4568,999,,5
4569,27,,1
4570,15,,1
4571,50,,2
4572,29,,2
4573,62,,3
4574,16,,3
4575,13,,3
4576,6,,1
4577,51,,2
4578,22,,2
4579,0,,2
4580,43,,2
4581,40,,4
4582,26,,2
4583,14,,3
4584,27,,2
4585,24,,3
4586,62,,2
4587,84,,1
4588,49,,4
4589,21,,4
4590,72,,2
4591,2,,1
4592,13,,1
4593,47,,2
4594,39,,2
4595,57,,2
4596,26,,3
4597,14,,1
4598,13,,2
4599,29,,3
4601,73,,2
4602,12,,3
4603,3,,3
4604,3,,5
4605,35,,2
4606,4,,2
4607,38,,4
4608,36,,2
4609,59,,3
4610,38,,1
4611,44,,1
4612,8,,4
4613,35,,1
4614,31,,2
4615,86,,3
4616,30,,2
4617,56,,2
4618,12,,2
4619,70,,3
4620,43,,1
4621,3,,5
4622,63,,2
4623,13,,3
4624,39,,3
4625,13,,2
4626,43,,2
4627,10,,4
4628,38,,5
4629,27,,3
4630,11,,3
4631,23,,1
4632,36,,4
4633,2,,2
4634,65,,4
4635,75,,2
4636,64,,1
4637,29,,2
4638,63,,
4639,79,,3
4640,69,,3
4641,37,,2
4642,18,,1
4643,66,,2
4644,26,,1
4645,1,,2
4646,32,,2
4647,41,,1
4649,67,,4
4650,35,,2
4651,24,,2
4652,63,,3
4653,96,,4
4654,63,,4
4655,3,,3
4656,80,,2
4657,33,,2
4658,86,,2
4659,16,,1
4660,33,,2
4661,10,,2
4662,12,,4
4663,49,,2
4664,0,,1
4665,27,,1
4666,39,,2
4668,48,,
4669,43,,2
4670,5,,3
4671,8,,3
4672,31,,1
4673,93,,1
4674,10,,1
4675,46,,3
4676,47,,2
4677,2,,2
4678,59,,2
4679,69,,3
4680,26,,3
4681,65,,2
4682,55,,1
4683,25,,2
4684,9,,3
4685,54,,3
4686,9,,2
4687,24,,1
4688,14,,2
4689,58,,2
4690,999,,5
4691,38,,1
4692,30,,5
4693,33,,1
4694,3,,2
4695,40,,2
4696,2,,3
4697,13,,
4698,5,,3
4699,21,,2
4700,45,,1
4701,67,,2
4702,30,,3
4703,47,,2
4704,3,,2
4705,42,,1
4706,47,,2
4707,25,,4
4708,999,,5
4709,53,,3
4710,39,,2
4711,19,,2
4712,47,,1
4713,60,,2
4714,32,,3
4715,28,,1
4716,46,,3
4717,1,,1
4718,27,,2
4719,12,,2
4720,39,,3
4721,55,,2
4722,66,,2
4723,61,,1
4724,49,,1
4725,98,,1
4726,5,,2
4727,25,,2
4728,41,,2
4729,45,,2
4730,33,,4
4731,16,,3
4732,17,,3
4733,35,,3
4734,10,,4
4735,61,,2
4736,23,,3
4737,4,,1
4738,16,,2
4739,22,,4
4740,62,,3
4741,49,,3
4742,8,,4
4743,31,,4
4744,95,,3
4745,3,,3
4746,21,,1
4748,46,,4
4749,74,,3
4750,64,,3
4751,69,,1
4752,27,,3
4753,61,,2
4754,22,,
4755,22,,2
4756,9,,3
4757,999,,5
4758,3,,1
4760,45,,3
4761,25,,2
4762,6,,3
4763,2,,4
4764,15,,2
4765,18,,2
4766,94,,1
4767,38,,3
4768,3,,3
4769,17,,2
4770,10,,1
4771,10,,3
4772,14,,2
4773,13,,3
4774,26,,2
4775,26,,4
4776,69,,3
4777,34,,3
4778,61,,1
4779,44,,4
4780,93,,3
4781,22,,2
4782,70,,4
4783,24,,2
4784,4,,3
4785,21,,1
4786,96,,1
4788,45,,
4789,65,,4
4790,19,,1
4791,56,,1
4792,83,,2
4793,8,,3
4794,31,,3
4795,84,,2
4796,11,,4
4797,49,,2
4798,0,,3
4800,11,,2
4801,5,,3
4802,34,,2
4803,27,,2
4804,66,,2
4805,50,,3
4806,69,,3
4807,10,,1
4808,64,,2
4809,17,,3
4810,2,,2
4811,51,,1
4812,1,,1
4813,24,,2
4814,98,,2
4815,51,,1
4816,73,,2
4817,22,,1
4818,28,,4
4819,10,,2
4820,19,,2
4821,40,,2
4822,31,,1
4823,13,,2
4824,36,,2
4825,78,,3
4826,29,,2
4827,50,,3
4828,39,,4
4829,999,,5
4830,17,,2
4831,39,,4
4832,4,,2
4833,52,,1
4834,57,,2
4835,90,,2
4837,13,,3
4838,4,,3
4839,9,,1
4840,71,,4
4841,25,,1
4842,49,,2
4843,74,,1
4844,49,,3
4845,25,,4
4846,29,,3
4847,50,,3
4848,6,,4
4849,32,,1
4850,99,,4
4851,22,,1
4852,51,,2
4853,37,,4
4854,96,,1
4855,6,,2
4856,18,,2
4857,32,,3
4858,6,,2
4859,44,,1
4860,19,,2
4861,9,,2
4862,42,,3
4863,19,,4
4864,32,,2
4865,9,,1
4866,4,,3
4867,17,,4
4868,24,,2
4869,13,,2
4870,81,,3
4871,24,,4
4872,21,,2
4873,12,,3
4874,86,,2
4875,56,,3
4876,59,,2
4877,19,,2
4878,3,,4
4879,55,,2
4880,31,,1
4881,24,,3
4882,0,,1
4883,30,,2
4884,20,,3
4885,18,,2
4886,52,,2
4887,51,,4
4888,74,,2
4889,23,,2
4890,80,,1
4891,6,,4
4892,19,,1
4893,67,,1
4894,92,,2
4895,56,,1
4896,48,,2
4897,35,,2
4898,23,,2
4899,35,,1
4900,16,,4
4901,8,,2
4902,30,,3
4903,3,,2
4904,1,,4
4905,78,,3
4906,15,,3
4907,33,,3
4908,34,,2
4909,49,,2
4910,46,,2
4911,48,,2
4912,24,,1
4913,52,,1
4914,23,,2
4915,67,,2
4916,20,,4
4917,4,,2
4918,52,,2
4919,43,,2
4920,12,,3
4921,12,,2
4922,13,,4
4923,999,,2
4924,3,,2
4925,46,,3
4926,14,,3
4927,26,,1
4928,4,,1
4929,50,,1
4930,44,,1
4931,25,,2
4932,48,,4
4933,91,,3
4934,18,,4
4935,36,,2
4936,21,,1
4937,52,,2
4938,47,,1
4939,8,,2
4940,5,,3
4941,56,,1
4942,87,,3
4943,5,,1
4944,30,,3
4945,54,,3
4946,34,,3
4947,17,,3
4948,12,,1
4949,39,,4
4950,13,,2
4951,34,,3
4952,27,,1
4953,93,,2
4954,18,,1
4955,16,,1
4956,54,,2
4957,48,,2
4958,45,,1
4960,91,,2
4961,21,,2
4962,7,,3
4963,24,,4
4964,25,,2
4965,0,,2
4966,31,,2
4967,69,,2
4969,50,,1
4970,61,,2
4971,33,,2
4972,46,,2
4973,21,,1
4974,63,,5
4976,13,,4
4977,32,,2
4978,12,,2
4979,13,,3
4980,46,,2
4981,38,,3
4982,75,,3
4983,24,,1
4984,68,,1
4985,65,,4
4986,82,,2
4987,12,,2
4988,36,,3
4989,50,,1
4990,50,,2
4991,28,,3
4992,38,,1
4993,5,,2
4994,37,,1
4995,15,,3
4996,11,,2
4997,64,,2
4998,68,,2
4999,16,,2
5000,12,,3
5001,47,,2
5002,16,,3
5003,56,,1
5004,74,,2
5005,4,,2
5006,44,,3
5007,44,,2
5008,12,,2
5009,71,,1
5010,37,,3
5011,23,,3
5013,33,,1
5014,36,,2
5015,41,,3
5016,77,,1
5017,43,,1
5018,5,,3
5019,30,,1
5020,15,,3
5021,18,,3
5022,91,,2
5023,72,,3
5024,5,,2
5025,17,,2
5026,44,,2
5027,9,,2
5028,15,,3
5029,9,,1
5030,55,,2
5031,24,,4
5032,34,,2
5033,75,,2
5034,44,,3
5035,10,,1
5036,31,,2
5037,25,,2
5038,43,,1
5039,68,,2
5040,72,,3
5041,5,,1
5042,82,,2
5043,23,,2
5044,20,,2
5045,93,,3
5046,26,,2
5047,52,,1
5048,20,,1
5049,31,,3
5050,31,,4
5051,67,,2
5052,0,,2
5053,66,,3
5054,63,,5
5055,68,,3
5056,33,,2
5057,0,,1
5058,91,,1
5059,10,,2
5060,15,,3
5061,19,,2
5062,13,,2
5064,999,,2
5065,72,,4
5066,20,,2
5067,19,,2
5068,64,,2
5069,72,,2
5070,24,,2
5071,47,,3
5072,7,,2
5073,94,,2
5074,61,,1
5075,41,,4
5076,72,,1
5077,29,,2
5078,1,,1
5079,15,,3
5080,36,,2
5081,34,,1
5082,19,,1
5083,2,,2
5084,32,,2
5085,3,,3
5086,81,,2
5088,38,,2
5089,62,,2
5090,2,,1
5091,66,,2
5092,32,,2
5093,66,,5
5094,10,,2
5095,20,,2
5096,36,,3
5097,37,,3
5098,14,,1
5099,89,,3
5100,66,,3
5101,18,,2
5102,51,,
5103,1,,1
5104,34,,2
5105,49,,3
5107,37,,4
5108,15,,1
5109,17,,1
5110,49,,4
5111,44,,4
5112,96,,1
5113,41,,1
5114,37,,5
5115,21,,1
5116,81,,1
5117,54,,1
5118,27,,2
5119,54,,2
5120,61,,3
5121,84,,1
5122,17,,1
5123,80,,1
5124,30,,2
5125,15,,2
5126,73,,2
5127,65,,2
5128,34,,1
5129,18,,3
5130,89,,3
5131,24,,2
5132,4,,4
5133,11,,2
5134,8,,1
5135,89,,3
5136,40,,3
5137,10,,1
5138,92,,2
5139,22,,1
5140,45,,2
5141,40,,2
5142,58,,2
5143,13,,2
5144,13,,1
5145,59,,3
5146,74,,3
5147,73,,2
5148,58,,3
5149,26,,3
5150,12,,4
5151,61,,1
5152,32,,1
5153,28,,3
5154,62,,3
5155,4,,4
5156,86,,2
5157,56,,3
5158,40,,4
5159,64,,1
5160,4,,2
5161,8,,1
5162,49,,3
5163,30,,2
5164,31,,3
5165,67,,2
5166,25,,2
5167,85,,2
5168,41,,1
5169,43,,2
5170,84,,2
5171,83,,2
5172,21,,3
5173,10,,3
5174,70,,2
5175,55,,2
5176,26,,2
5177,35,,3
5178,19,,3
5179,21,,2
5180,72,,3
5181,22,,3
5182,6,,2
5183,42,,2
5184,26,,5
5185,49,,2
5186,52,,4
5187,3,,4
5188,13,,4
5189,26,,3
5190,82,,3
5191,2,,4
5192,50,,3
5193,81,,3
5194,66,,3
5195,41,,1
5196,5,,3
5197,20,,1
5198,53,,1
5199,14,,2
5200,8,,3
5201,35,,2
5202,52,,2
5204,5,,3
5205,54,,2
5206,6,,5
5207,54,,4
5208,55,,1
5209,45,,2
5210,60,,2
5211,90,,3
5212,18,,2
5213,50,,4
5214,70,,2
5215,3,,3
5216,47,,
5217,92,,1
5218,53,,3
5219,999,,5
5220,93,,3
5221,12,,3
5222,999,,2
5223,9,,3
5224,23,,2
5225,80,,1
5226,3,,2
5227,30,,4
5228,14,,1
5229,9,,1
5230,18,,3
5231,18,,3
5232,12,,1
5233,82,,3
5234,45,,1
5235,6,,2
5236,12,,4
5237,32,,2
5238,33,,1
5239,40,,2
5240,58,,3
5241,44,,3
5242,42,,3
5243,7,,4
5244,27,,3
5245,15,,3
5246,52,,2
5247,3,,1
5248,41,,2
5249,8,,1
5250,62,,2
5251,28,,3
5252,88,,3
5253,9,,5
5254,8,,3
5255,28,,1
5256,43,,1
5257,31,,2
5258,7,,2
5259,40,,3
5260,21,,2
5261,55,,4
5262,38,,3
5263,7,,3
5264,36,,1
5265,17,,4
5266,50,,3
5267,41,,2
5268,13,,2
5269,93,,2
5270,27,,4
5271,999,,3
5272,3,,3
5273,42,,1
5274,28,,4
5275,25,,3
5276,13,,2
5277,2,,1
5278,57,,1
5279,40,,2
5280,7,,2
5281,21,,2
5282,3,,2
5283,16,,2
5284,53,,2
5285,65,,2
5287,23,,2
5288,52,,2
5289,18,,2
5290,95,,2
5291,30,,1
5292,26,,3
5293,53,,2
5294,3,,1
5295,84,,3
5296,24,,2
5297,60,,2
5298,1,,2
5299,44,,3
5300,30,,1
5301,19,,3
5302,66,,2
5303,24,,2
5304,8,,2
5305,76,,2
5306,15,,4
5307,82,,3
5308,30,,1
5309,76,,2
5310,43,,1
5311,35,,2
5312,24,,3
5313,10,,3
5314,39,,3
5315,55,,2
5316,29,,1
5317,23,,1
5318,49,,2
5319,7,,3
5320,0,,2
5321,65,,3
5322,7,,3
5323,84,,2
5324,17,,2
5325,15,,1
5326,15,,1
5327,29,,2
5328,26,,4
5329,30,,2
5330,26,,2
5331,81,,2
5332,71,,2
5333,5,,2
5334,37,,2
5335,85,,2
5336,11,,2
5337,14,,2
5338,31,,2
5339,35,,3
5340,49,,2
5341,18,,2
5342,89,,1
5343,88,,2
5345,50,,2
5346,4,,1
5347,27,,2
5348,60,,2
5349,3,,1
5350,4,,1
5351,18,,1
5352,47,,3
5353,32,,2
5354,53,,3
5355,4,,4
5356,13,,3
5357,17,,3
5358,8,,2
5359,15,,1
5360,67,,2
5361,23,,1
5362,14,,3
5363,68,,2
5364,37,,1
5366,22,,3
5367,31,,3
5368,11,,2
5369,52,,2
5370,2,,3
5371,93,,1
5372,50,,1
5373,52,,1
5374,52,,2
5375,3,,2
5376,42,,2
5377,25,,2
5378,60,,1
5380,26,,2
5381,25,,2
5382,18,,3
5383,75,,2
5384,13,,1
5385,94,,1
5386,93,,4
5387,90,,3
5388,63,,3
5389,31,,4
5390,59,,2
5391,29,,3
5392,94,,4
5393,79,,2
5394,25,,2
5395,45,,2
5396,17,,2
5397,26,,1
5398,43,,3
5400,59,,1
5401,51,,2
5402,65,,2
5403,59,,2
5404,5,,3
5405,69,,3
5406,69,,3
5407,84,,3
5408,9,,2
5409,0,,1
5410,41,,2
5411,12,,2
5412,32,,3
5413,7,,1
5414,24,,4
5415,4,,2
5416,37,,2
5417,57,,3
5418,27,,3
5419,82,,1
5420,3,,2
5422,15,,1
5423,92,,2
5424,45,,3
5425,50,,2
5426,27,,2
5427,26,,2
5428,12,,3
5429,13,,1
5430,60,,3
5431,19,,4
5432,48,,1
5433,61,,3
5434,38,,3
5435,34,,1
5436,49,,1
5437,3,,2
5438,49,,1
5439,31,,2
5440,6,,1
5441,46,,4
5443,2,,1
5444,8,,1
5445,47,,3
5446,72,,3
5447,63,,3
5448,56,,2
5449,13,,2
5450,99,,2
5451,57,,1
5452,47,,1
5453,51,,2
5454,16,,1
5455,999,,4
5456,11,,2
5457,49,,3
5458,28,,3
5459,13,,3
5460,17,,2
5461,4,,3
5462,7,,3
5463,24,,1
5464,1,,2
5465,31,,3
5466,20,,2
5467,39,,1
5468,35,,1
5469,10,,2
5470,42,,2
5471,13,,3
5472,54,,2
5473,93,,1
5474,19,,3
5475,999,,4
5476,39,,1
5477,51,,1
5478,23,,2
5479,22,,1
5480,1,,3
5481,999,,5
5482,21,,3
5483,12,,2
5484,61,,2
5485,24,,1
5486,50,,3
5487,17,,1
5488,68,,2
5490,18,,3
5491,10,,1
5492,3,,3
5493,23,,3
5494,27,,4
5495,22,,2
5496,35,,2
5497,55,,3
5498,26,,4
5499,7,,1
5500,31,,4
5501,9,,1
5502,63,,3
5503,47,,3
5504,38,,1
5505,19,,3
5506,4,,2
5507,46,,2
5508,14,,2
5509,25,,3
5510,66,,2
5511,5,,3
5512,7,,2
5513,24,,2
5514,13,,2
5515,8,,1
5516,44,,2
5517,8,,3
5518,15,,3
5519,26,,2
5520,53,,2
5521,7,,2
5522,72,,2
5523,21,,1
5524,15,,1
5525,999,,5
5526,9,,2
5527,60,,2
5528,6,,2
5529,62,,1
5530,22,,3
5531,38,,1
5532,35,,3
5533,80,,3
5534,999,,5
5535,28,,3
5536,61,,2
5537,20,,3
5538,23,,1
5539,53,,4
5540,1,,3
5541,23,,3
5542,50,,3
5543,15,,1
5544,72,,2
5546,3,,3
5547,51,,3
5548,4,,2
5549,32,,2
5550,7,,3
5551,19,,2
5552,41,,3
5553,7,,1
5554,54,,3
5555,8,,2
5556,29,,2
5557,10,,3
5558,75,,1
5559,77,,4
5560,34,,2
5561,28,,2
5562,60,,3
5563,64,,2
5564,15,,1
5565,52,,3
5566,89,,5
5567,3,,3
5568,71,,3
5569,40,,1
5570,21,,3
5571,95,,2
5572,62,,1
5573,44,,1
5574,92,,2
5575,21,,4
5576,19,,1
5577,81,,1
5578,18,,1
5579,22,,2
5580,3,,2
5581,20,,2
5582,27,,3
5583,64,,2
5584,22,,5
5585,9,,1
5586,50,,2
5587,21,,3
5588,41,,3
5589,2,,1
5590,20,,1
5591,49,,1
5592,44,,1
5593,34,,1
5594,19,,2
5595,28,,4
5596,9,,3
5597,36,,3
5598,45,,2
5599,19,,2
5600,63,,2
5601,53,,2
5602,66,,3
5604,0,,1
5605,62,,2
5606,93,,1
5607,23,,3
5608,76,,3
5609,85,,1
5610,3,,3
5611,24,,2
5612,72,,1
5613,15,,4
5614,97,,1
5616,16,,3
5617,9,,1
5618,19,,1
5619,69,,1
5620,44,,2
5621,999,,
5622,7,,1
5623,15,,2
5624,18,,3
5625,36,,2
5626,49,,4
5627,43,,2
5628,3,,2
5629,24,,2
5630,50,,2
5631,24,,2
5632,28,,3
5633,8,,2
5634,20,,1
5635,7,,4
5636,8,,2
5637,4,,3
5638,41,,3
5639,33,,2
5640,0,,1
5641,14,,3
5642,54,,4
5643,0,,4
5644,27,,2
5645,28,,1
5646,76,,1
5647,33,,2
5648,999,,3
5649,43,,2
5650,35,,2
5651,51,,3
5652,17,,3
5653,13,,1
5654,21,,3
5655,13,,2
5656,1,,1
5657,70,,1
5658,0,,1
5659,52,,3
5660,27,,2
5661,56,,2
5662,1,,2
5663,69,,3
5664,52,,3
5665,24,,2
5666,42,,1
5667,27,,3
5668,83,,2
5669,37,,1
5670,78,,1
5671,30,,1
5672,14,,5
5673,48,,2
5674,19,,2
5675,78,,2
5676,70,,1
5677,52,,2
5678,35,,2
5679,22,,3
5680,23,,1
5681,48,,1
5682,19,,1
5683,44,,3
5684,23,,1
5685,1,,1
5686,38,,3
5687,41,,3
5688,17,,1
5689,20,,1
5690,46,,2
5691,81,,1
5692,5,,2
5693,14,,2
5694,27,,3
5695,63,,2
5696,75,,1
5697,24,,3
5698,33,,1
5699,78,,3
5700,17,,2
5701,95,,4
5702,23,,3
5703,6,,1
5704,28,,2
5705,96,,2
5706,9,,2
5707,26,,2
5708,40,,2
5709,95,,4
5710,56,,1
5711,73,,1
5712,27,,3
5713,43,,3
5714,40,,2
5715,75,,1
5716,34,,3
5717,69,,1
5718,56,,3
5719,50,,1
5720,16,,2
5721,36,,2
5722,43,,2
5723,63,,2
5724,45,,1
5725,59,,1
5726,34,,1
5727,3,,1
5728,35,,3
5729,47,,3
5730,52,,3
5731,23,,2
5732,42,,3
5733,22,,1
5734,47,,1
5735,12,,2
5736,96,,1
5737,81,,3
5738,83,,1
5739,30,,3
5740,3,,2
5741,98,,3
5742,16,,2
5743,8,,3
5744,4,,3
5746,24,,4
5747,37,,2
5748,54,,2
5749,56,,2
5750,20,,2
5751,52,,3
5752,999,,1
5753,999,,5
5754,49,,1
5755,20,,1
5756,11,,3
5757,54,,1
5758,3,,3
5759,62,,2
5761,63,,1
5762,18,,2
5763,22,,1
5764,21,,3
5765,17,,2
5766,33,,2
5768,39,,2
5769,30,,3
5770,53,,2
5771,59,,3
5772,3,,1
5773,56,,2
5774,10,,3
5775,41,,2
5776,40,,1
5777,39,,2
5778,69,,1
5779,11,,2
5780,49,,1
5781,8,,2
5782,56,,2
5783,22,,2
5784,2,,4
5785,9,,3
5786,28,,3
5787,0,,3
5788,99,,
5789,35,,3
5790,2,,2
5791,78,,2
5792,5,,2
5793,77,,4
5794,62,,3
5795,66,,2
5796,3,,1
5797,9,,2
5798,26,,3
5799,29,,2
5800,9,,1
5801,68,,2
5802,10,,3
5803,22,,3
5804,68,,2
5805,45,,2
5806,20,,4
5807,27,,1
5808,16,,2
5809,18,,
5810,5,,3
5811,19,,2
5812,14,,2
5813,96,,2
5814,48,,3
5815,18,,2
5816,60,,1
5817,12,,2
5818,75,,3
5819,35,,2
5820,20,,2
5821,15,,3
5822,19,,3
5823,19,,1
5824,25,,1
5825,75,,2
5826,3,,1
5827,70,,2
5828,50,,4
5829,23,,2
5830,30,,2
5831,17,,2
5832,41,,2
5833,4,,2
5834,999,,2
5835,27,,3
5836,16,,4
5837,8,,3
5838,15,,3
5839,22,,1
5840,12,,2
5841,8,,3
5842,24,,2
5843,10,,2
5844,1,,2
5845,19,,2
5846,6,,1
5847,58,,4
5848,78,,3
5849,44,,4
5850,6,,2
5851,6,,4
5852,44,,2
5853,28,,
5854,49,,4
5855,1,,1
5856,65,,1
5857,999,,1
5858,36,,1
5859,38,,2
5860,4,,3
5861,2,,2
5862,46,,2
5863,41,,2
5864,77,,3
5865,15,,4
5866,12,,2
5867,18,,1
5868,79,,2
5870,43,,2
5871,31,,2
5872,72,,3
5873,65,,1
5874,47,,2
5875,11,,3
5876,22,,2
5877,55,,2
5878,13,,2
5879,15,,2
5880,50,,3
5881,43,,3
5882,77,,2
5883,48,,1
5884,16,,2
5885,999,,1
5886,57,,2
5887,32,,3
5888,13,,
5889,62,,1
5890,2,,1
5891,22,,2
5892,44,,3
5893,18,,1
5894,82,,3
5895,17,,2
5896,27,,2
5897,11,,2
5898,30,,4
5899,77,,2
5900,12,,5
5901,7,,1
5902,75,,4
5903,44,,1
5904,42,,3
5905,13,,3
5906,4,,3
5907,28,,2
5908,83,,3
5909,10,,3
5910,67,,1
5911,24,,3
5912,28,,2
5913,39,,2
5914,51,,1
5915,50,,2
5916,56,,3
5917,79,,2
5918,4,,2
5919,72,,3
5920,31,,3
5922,2,,1
5923,55,,3
5924,11,,1
5925,17,,3
5926,30,,2
5927,7,,1
5928,9,,1
5929,46,,2
5930,12,,2
5931,1,,1
5932,61,,1
5933,73,,4
5934,16,,1
5935,32,,2
5936,9,,1
5937,81,,3
5938,69,,3
5939,11,,1
5940,55,,3
5941,21,,2
5942,28,,1
5943,999,,5
5944,33,,3
5945,36,,3
5946,51,,3
5947,60,,4
5948,39,,1
5949,22,,3
5950,6,,3
5951,17,,2
5952,34,,3
5953,10,,2
5954,69,,4
5955,29,,2
5956,55,,3
5957,33,,3
5958,64,,1
5959,41,,3
5960,4,,2
5961,74,,3
5962,38,,3
5963,52,,2
5964,75,,3
5965,32,,3
5966,9,,2
5967,9,,3
5968,0,,1
5969,5,,1
5970,65,,2
5971,8,,2
5972,1,,1
5973,56,,1
5974,77,,1
5975,68,,1
5976,29,,3
5977,23,,2
5978,63,,1
5979,72,,2
5980,18,,4
5981,21,,2
5982,51,,2
5983,13,,2
5984,14,,1
5985,4,,3
5986,65,,2
5987,8,,2
5988,39,,2
5989,9,,1
5990,32,,3
5991,10,,3
5992,57,,1
5993,20,,1
5994,48,,3
5995,15,,5
5996,29,,1
5997,5,,1
5998,60,,1
5999,58,,1
6000,18,,3
6001,10,,2
6002,43,,2
6003,67,,2
6004,60,,2
6005,73,,1
6006,39,,2
6007,50,,3
6008,0,,3
6009,24,,2
6011,81,,2
6012,24,,2
6013,33,,2
6014,16,,4
6015,99,,3
6016,59,,1
6017,51,,2
6018,4,,3
6019,14,,2
6020,34,,1
6021,9,,1
6022,35,,3
6023,46,,1
6024,41,,2
6025,54,,1
6026,35,,2
6027,36,,3
6028,67,,1
6029,11,,3
6030,69,,3
6031,14,,1
6032,8,,2
6033,25,,4
6034,999,,5
6035,84,,1
6036,0,,2
6038,59,,1
6039,94,,1
6040,88,,2
6041,64,,5
6042,78,,1
6043,5,,3
6044,37,,2
6045,55,,2
6046,21,,1
6047,30,,2
6048,36,,2
6049,17,,2
6050,31,,3
6051,42,,4
6052,43,,3
6053,51,,2
6054,21,,4
6055,55,,3
6056,96,,1
6057,22,,1
6058,1,,2
6059,5,,2
6060,21,,3
6061,29,,4
6062,22,,2
6063,33,,2
6064,63,,5
6065,9,,2
6066,29,,2
6067,51,,2
6068,15,,2
6069,69,,3
6070,31,,2
6072,50,,3
6073,18,,2
6074,69,,1
6075,39,,3
6076,74,,4
6077,8,,2
6078,12,,1
6079,9,,3
6080,19,,1
6081,13,,3
6082,14,,1
6083,52,,3
6084,30,,2
6085,46,,3
6086,63,,3
6087,82,,2
6088,5,,3
6089,70,,3
6090,50,,3
6091,12,,4
6092,22,,3
6093,2,,2
6094,33,,3
6095,36,,2
6096,95,,1
6097,98,,1
6098,28,,2
6099,65,,3
6100,34,,2
6101,21,,3
6102,26,,1
6103,6,,1
6104,48,,2
6105,75,,2
6106,31,,2
6108,15,,3
6109,34,,2
6110,63,,3
6111,45,,3
6112,14,,2
6113,5,,3
6114,999,,2
6115,4,,3
6116,43,,4
6117,33,,2
6118,2,,1
6119,62,,3
6120,85,,2
6121,5,,3
6122,89,,2
6123,14,,2
6124,14,,3
6125,70,,3
6126,90,,1
6127,91,,3
6128,63,,1
6129,3,,2
6130,10,,2
6131,18,,4
6132,5,,2
6133,15,,1
6134,44,,2
6135,58,,1
6136,59,,2
6137,69,,1
6138,58,,1
6139,59,,1
6140,31,,2
6141,17,,2
6142,12,,2
6143,93,,4
6144,15,,2
6145,16,,3
6146,3,,2
6147,999,,4
6148,8,,3
6149,1,,1
6150,7,,4
6151,18,,2
6152,37,,4
6153,11,,2
6154,3,,5
6155,30,,3
6156,32,,2
6157,55,,3
6158,10,,2
6159,57,,3
6160,54,,2
6161,39,,2
6162,39,,1
6163,52,,3
6164,16,,
6165,22,,1
6166,19,,1
6167,6,,3
6168,98,,4
6169,58,,1
6170,60,,1
6171,49,,4
6172,32,,1
6173,45,,2
6174,51,,2
6175,15,,1
6176,53,,1
6177,14,,2
6178,97,,2
6179,2,,3
6180,32,,3
6181,46,,3
6182,14,,2
6183,94,,3
6184,17,,1
6185,13,,2
6186,62,,3
6187,33,,2
6188,7,,1
6189,47,,1
6190,33,,3
6191,32,,1
6192,4,,1
6193,15,,4
6194,42,,1
6195,58,,4
6196,28,,3
6197,9,,1
6198,52,,3
6199,59,,4
6200,20,,2
6201,43,,3
6202,36,,3
6203,74,,2
6204,91,,3
6205,56,,2
6206,58,,2
6207,59,,3
6208,37,,2
6209,31,,2
6210,27,,3
6211,26,,2
6212,6,,3
6213,21,,2
6214,48,,1
6215,1,,3
6216,13,,3
6217,38,,2
6218,22,,2
6219,75,,3
6220,34,,2
6221,68,,2
6222,32,,2
6223,29,,3
6224,84,,1
6225,57,,2
6226,8,,2
6227,29,,1
6228,38,,1
6229,84,,3
6230,23,,2
6231,9,,3
6232,61,,2
6233,44,,3
6234,34,,3
6235,23,,3
6236,14,,3
6237,16,,3
6238,9,,3
6239,3,,2
6240,8,,2
6241,85,,2
6242,40,,1
6243,37,,1
6244,9,,4
6245,37,,3
6246,55,,2
6247,56,,3
6248,60,,3
6249,31,,2
6250,88,,2
6251,14,,3
6252,73,,2
6253,78,,3
6254,57,,1
6255,16,,3
6256,59,,1
6257,8,,2
6258,77,,3
6259,43,,2
6260,31,,3
6261,26,,1
6262,52,,3
6263,47,,2
6264,1,,4
6265,31,,1
6266,67,,1
6267,31,,4
6268,37,,2
6269,39,,3
6270,75,,2
6271,10,,2
6272,6,,2
6273,13,,2
6274,13,,2
6275,56,,2
6276,21,,3
6277,7,,1
6278,33,,2
6279,32,,1
6280,71,,2
6281,67,,3
6282,11,,2
6283,40,,1
6284,3,,4
6285,52,,1
6286,10,,5
6287,28,,1
6288,65,,2
6289,16,,3
6290,61,,1
6291,4,,3
6292,17,,1
6293,54,,2
6294,57,,2
6295,28,,4
6296,26,,2
6297,39,,1
6298,4,,2
6299,15,,2
6300,38,,3
6301,29,,3
6302,43,,2
6303,49,,3
6304,8,,1
6305,75,,1
6306,21,,3
6307,80,,3
6309,97,,1
6310,49,,2
6311,51,,2
6312,42,,2
6313,11,,2
6314,75,,2
6315,24,,2
6316,18,,1
6317,96,,1
6318,64,,1
6319,28,,
6320,73,,2
6321,23,,2
6322,15,,2
6323,11,,2
6324,6,,3
6325,46,,1
6326,11,,1
6327,40,,1
6328,12,,2
6329,22,,2
6330,12,,4
6331,51,,3
6332,29,,3
6333,15,,2
6334,25,,4
6335,6,,1
6336,999,,3
6337,60,,2
6338,79,,4
6339,37,,3
6340,9,,1
6341,67,,1
6342,19,,2
6343,37,,1
6344,13,,3
6345,3,,2
6346,29,,3
6347,50,,3
6348,6,,3
6349,68,,3
6350,51,,2
6351,6,,1
6352,14,,2
6353,6,,1
6354,36,,3
6355,45,,2
6356,1,,3
6357,19,,3
6358,43,,2
6359,38,,3
6360,58,,4
6361,82,,1
6362,6,,1
6363,4,,1
6364,17,,2
6365,52,,4
6366,9,,2
6367,3,,2
6368,38,,2
6369,14,,1
6370,44,,2
6371,46,,3
6372,26,,2
6373,15,,1
6374,30,,2
6375,81,,3
6376,21,,3
6377,12,,4
6378,999,,5
6379,50,,2
6380,20,,4
6381,67,,1
6382,6,,2
6383,10,,2
6385,89,,2
6386,36,,2
6387,12,,2
6388,97,,2
6389,11,,2
6390,81,,3
6391,31,,2
6392,14,,3
6393,38,,3
6394,42,,3
6395,61,,2
6396,999,,1
6397,68,,2
6398,4,,2
6399,22,,4
6400,30,,2
6401,75,,3
6402,30,,2
6403,22,,3
6404,0,,1
6405,93,,3
6406,44,,4
6407,21,,3
6408,31,,1
6409,46,,1
6410,59,,2
6411,46,,3
6412,76,,3
6413,50,,1
6414,36,,1
6415,48,,4
6416,33,,2
6417,11,,1
6418,17,,3
6419,30,,2
6420,19,,3
6421,24,,2
6422,28,,1
6423,68,,2
6424,94,,1
6425,68,,1
6426,12,,2
6427,32,,3
6428,62,,3
6429,58,,2
6430,19,,2
6431,76,,2
6432,68,,4
6433,21,,4
6434,27,,4
6435,18,,3
6436,20,,1
6437,56,,2
6438,87,,1
6439,51,,1
6440,33,,2
6441,24,,3
6442,31,,3
6443,13,,3
6444,10,,3
6445,95,,2
6446,13,,1
6447,4,,2
6448,22,,2
6449,38,,2
6450,20,,2
6451,78,,4
6452,36,,2
6453,27,,3
6454,24,,3
6455,66,,1
6456,45,,2
6457,3,,2
6458,23,,2
6459,46,,2
6460,32,,1
6461,64,,1
6462,56,,3
6463,19,,1
6464,39,,3
6465,18,,1
6466,42,,2
6467,6,,1
6468,67,,1
6469,62,,3
6470,999,,3
6471,5,,2
6472,999,,
6473,21,,1
6474,36,,1
6475,43,,1
6476,41,,3
6477,57,,2
6478,16,,3
6479,67,,1
6480,14,,2
6481,5,,1
6482,73,,2
6483,11,,3
6484,83,,4
6485,45,,2
6486,24,,2
6487,70,,1
6488,74,,3
6489,3,,1
6490,15,,1
6491,31,,3
6492,48,,3
6493,51,,2
6494,80,,1
6495,51,,2
6496,52,,2
6497,75,,3
6498,23,,3
6499,95,,2
6500,20,,1
6501,41,,3
6502,20,,4
6503,69,,2
6504,59,,1
6505,57,,1
6506,36,,3
6507,84,,1
6508,80,,1
6510,28,,2
6511,58,,1
6512,46,,3
6513,65,,2
6514,30,,1
6515,21,,2
6516,74,,1
6517,51,,2
6518,1,,3
6519,26,,1
6520,21,,2
6521,15,,1
6522,24,,3
6523,4,,3
6524,41,,2
6525,11,,2
6526,14,,2
6527,19,,2
6528,62,,1
6530,13,,2
6531,4,,4
6532,41,,1
6533,72,,1
6534,75,,2
6535,4,,2
6536,59,,3
6537,12,,3
6538,3,,1
6539,3,,1
6540,10,,1
6541,9,,2
6542,37,,3
6543,48,,4
6544,11,,4
6545,64,,3
6546,88,,3
6547,7,,1
6548,63,,2
6549,9,,1
6550,8,,1
6551,28,,3
6552,27,,3
6553,25,,2
6554,99,,2
6555,999,,3
6556,27,,2
6557,12,,2
6558,27,,2
6559,44,,3
6560,9,,1
6561,87,,2
6562,38,,3
6563,36,,2
6564,85,,2
6565,60,,1
6566,28,,2
6567,55,,4
6568,27,,2
6569,32,,1
6570,15,,2
6571,85,,2
6572,13,,2
6573,48,,1
6574,39,,3
6575,8,,2
6576,65,,5
6577,4,,4
6578,30,,2
6579,22,,4
6580,77,,1
6581,48,,3
6582,73,,2
6583,7,,2
6584,11,,2
6585,27,,3
6586,42,,4
6587,22,,2
6588,17,,3
6589,69,,3
6590,85,,2
6591,20,,3
6592,8,,2
6593,56,,2
6594,66,,3
6595,34,,1
6596,27,,1
6597,27,,2
6598,33,,4
6599,35,,2
6600,48,,2
6601,22,,5
6602,63,,3
6603,15,,3
6604,3,,1
6605,18,,1
6606,68,,3
6607,12,,1
6608,29,,2
6609,76,,2
6610,16,,3
6613,9,,2
6614,40,,3
6615,66,,1
6616,48,,4
6617,53,,2
6618,11,,4
6619,4,,2
6620,49,,2
6621,60,,3
6622,41,,3
6623,21,,2
6624,79,,1
6625,68,,2
6626,43,,2
6627,68,,2
6628,89,,1
6629,6,,2
6630,8,,3
6631,45,,1
6632,3,,1
6633,55,,1
6634,2,,3
6635,25,,3
6636,40,,3
6637,13,,3
6638,24,,1
6639,27,,2
6640,50,,3
6641,3,,1
6642,1,,2
6643,58,,2
6644,10,,2
6645,38,,2
6646,67,,1
6647,19,,2
6648,26,,2
6649,42,,3
6650,93,,3
6651,25,,4
6652,44,,2
6653,5,,2
6654,2,,1
6655,13,,2
6656,25,,1
6657,17,,1
6658,63,,2
6659,16,,1
6660,2,,3
6661,35,,1
6662,8,,3
6663,76,,3
6664,41,,1
6665,53,,2
6666,19,,1
6667,10,,3
6668,28,,3
6669,26,,2
6670,48,,2
6671,14,,1
6672,47,,2
6673,55,,2
6674,58,,3
6675,85,,2
6676,37,,4
6677,7,,3
6678,84,,2
6679,9,,2
6680,73,,3
6681,39,,3
6682,30,,3
6683,1,,3
6684,30,,2
6685,43,,3
6686,13,,4
6687,36,,4
6688,0,,1
6689,52,,3
6690,52,,2
6691,26,,3
6692,85,,2
6693,13,,1
6694,0,,2
6695,50,,1
6696,3,,2
6697,74,,2
6698,56,,3
6699,59,,3
6700,999,,2
6701,999,,2
6702,5,,3
6703,57,,1
6704,9,,1
6705,54,,5
6706,67,,3
6707,35,,2
6708,10,,2
6709,79,,4
6710,48,,2
6711,29,,2
6712,23,,3
6713,40,,3
6714,19,,2
6715,2,,2
6716,2,,4
6717,50,,1
6718,11,,4
6719,31,,3
6720,34,,3
6721,30,,3
6722,26,,3
6723,59,,1
6724,4,,1
6725,86,,2
6726,35,,2
6727,2,,2
6728,28,,3
6729,35,,3
6730,35,,2
6731,89,,1
6732,44,,3
6733,79,,1
6734,92,,3
6735,66,,2
6736,4,,1
6737,44,,2
6738,6,,2
6739,34,,1
6740,48,,4
6741,48,,2
6742,13,,2
6743,25,,1
6744,71,,2
6745,60,,1
6746,46,,4
6747,39,,3
6748,54,,1
6749,69,,1
6750,32,,
6751,9,,2
6752,34,,2
6753,70,,2
6754,72,,2
6755,88,,1
6756,4,,1
6757,50,,1
6758,60,,1
6759,16,,3
6760,80,,2
6761,92,,2
6762,70,,3
6763,65,,3
6764,11,,2
6765,83,,2
6766,0,,3
6767,65,,2
6768,67,,1
6769,46,,2
6770,73,,4
6771,27,,1
6772,22,,2
6773,33,,2
6774,33,,2
6775,5,,2
6776,14,,2
6777,49,,1
6778,36,,2
6779,4,,2
6780,21,,2
6781,29,,1
6782,10,,2
6783,2,,3
6784,37,,2
6785,3,,4
6786,1,,1
6787,52,,3
6788,52,,4
6789,14,,1
6790,16,,3
6791,42,,2
6792,25,,3
6793,32,,2
6794,19,,1
6795,26,,2
6796,47,,1
6797,33,,3
6798,54,,1
6799,26,,2
6800,67,,3
6801,39,,1
6802,81,,2
6803,2,,1
6804,43,,3
6806,29,,3
6807,84,,2
6808,8,,2
6809,41,,4
6810,70,,1
6811,2,,2
6812,12,,1
6813,47,,3
6814,60,,1
6815,77,,3
6816,46,,1
6817,62,,3
6818,19,,2
6819,8,,2
6820,27,,1
6821,96,,2
6822,40,,1
6823,999,,5
6824,41,,2
6825,1,,2
6826,5,,3
6827,22,,4
6828,10,,2
6829,5,,5
6830,33,,4
6831,14,,1
6832,65,,3
6833,28,,1
6834,44,,3
6835,7,,2
6836,5,,2
6837,41,,1
6838,40,,3
6839,11,,2
6840,61,,2
6841,8,,3
6842,11,,3
6843,52,,2
6844,5,,5
6845,70,,1
6846,91,,4
6847,12,,3
6848,40,,3
6849,53,,2
6850,25,,2
6851,60,,2
6852,44,,3
6853,11,,3
6854,44,,1
6855,0,,2
6856,3,,2
6857,13,,4
6858,57,,2
6859,68,,2
6860,48,,2
6861,22,,4
6862,21,,1
6863,58,,1
6864,37,,2
6865,56,,3
6866,48,,1
6868,24,,1
6869,24,,4
6870,54,,2
6871,1,,2
6872,11,,3
6873,61,,1
6874,42,,2
6875,22,,2
6876,30,,1
6877,21,,1
6878,0,,3
6879,9,,2
6880,81,,2
6881,26,,4
6882,14,,4
6883,43,,2
6884,80,,2
6885,57,,3
6886,15,,2
6887,14,,2
6888,42,,2
6889,6,,1
6890,49,,2
6891,46,,4
6892,20,,1
6893,50,,2
6894,24,,1
6895,20,,2
6896,25,,1
6897,56,,2
6898,0,,1
6899,6,,1
6900,37,,3
6901,89,,2
6902,0,,1
6903,7,,3
6904,15,,4
6905,31,,3
6906,11,,2
6907,20,,2
6908,55,,2
6909,10,,2
6910,21,,3
6911,32,,3
6912,26,,4
6913,37,,1
6914,33,,1
6915,74,,2
6916,32,,2
6917,50,,3
6918,52,,4
6919,30,,3
6920,1,,2
6921,14,,3
6922,3,,3
6923,64,,4
6924,17,,2
6925,999,,1
6926,39,,5
6927,26,,2
6928,49,,2
6929,87,,2
6930,65,,1
6932,79,,1
6933,17,,1
6934,41,,3
6935,31,,2
6936,21,,2
6937,12,,1
6938,33,,1
6939,50,,2
6940,1,,1
6941,5,,3
6942,40,,1
6943,56,,2
6944,21,,2
6945,28,,2
6946,72,,3
6947,22,,3
6948,78,,3
6949,32,,2
6950,34,,3
6951,90,,2
6952,5,,3
6953,35,,2
6954,17,,2
6955,10,,3
6956,41,,3
6957,85,,2
6958,4,,2
6959,7,,2
6960,40,,2
6961,88,,2
6962,28,,4
6963,15,,1
6964,41,,4
6965,36,,4
6966,4,,2
6967,47,,1
6968,14,,4
6969,41,,2
6970,49,,1
6971,7,,2
6972,8,,2
6973,65,,1
6974,2,,3
6975,19,,1
6977,36,,5
6978,29,,4
6979,25,,2
6980,59,,3
6981,72,,1
6982,38,,2
6983,39,,4
6984,53,,2
6985,33,,3
6986,19,,4
6988,11,,1
6989,3,,3
6990,83,,3
6991,4,,3
6992,40,,3
6993,29,,3
6994,42,,2
6995,7,,2
6996,21,,2
6997,98,,1
6998,96,,1
6999,71,,2
7000,72,,2
7001,70,,2
7002,44,,2
7003,8,,2
7004,6,,4
7005,54,,2
7006,80,,3
7007,21,,2
7008,41,,1
7009,52,,2
7010,17,,2
7011,67,,1
7012,26,,4
7013,94,,2
7014,32,,1
7015,5,,1
7016,6,,2
7017,25,,1
7018,39,,2
7019,23,,1
7021,4,,5
7022,2,,4
7023,20,,2
7024,16,,1
7025,32,,1
7026,20,,2
7027,16,,4
7028,28,,4
7029,30,,2
7030,6,,3
7031,54,,3
7032,7,,1
7033,42,,5
7034,13,,1
7035,5,,2
7036,45,,2
7037,24,,3
7038,32,,1
7039,38,,2
7040,50,,2
7041,7,,1
7042,80,,2
7043,40,,3
7044,80,,2
7045,12,,2
7046,28,,3
7047,37,,2
7048,66,,1
7049,59,,2
7050,81,,1
7051,36,,1
7052,9,,4
7053,15,,3
7054,24,,4
7055,41,,3
7056,50,,1
7057,20,,2
7058,46,,2
7059,33,,4
7060,76,,2
7061,31,,3
7062,69,,2
7063,37,,2
7064,7,,2
7065,1,,2
7066,63,,2
7067,60,,1
7068,30,,1
7069,50,,1
7070,65,,1
7071,13,,1
7072,37,,2
7073,35,,3
7074,46,,3
7075,5,,1
7076,12,,4
7077,0,,3
7078,62,,2
7079,57,,2
7080,34,,2
7081,10,,4
7082,31,,2
7083,24,,3
7084,69,,1
7085,45,,1
7086,39,,2
7087,10,,1
7088,58,,5
7089,20,,1
7090,17,,3
7091,22,,1
7092,16,,3
7093,49,,3
7094,58,,2
7096,1,,2
7097,9,,3
7098,29,,4
7099,37,,1
7100,58,,2
7101,53,,1
7102,4,,3
7103,47,,4
7104,26,,1
7105,999,,5
7106,32,,3
7107,98,,3
7108,10,,1
7109,52,,3
7110,36,,5
7111,86,,3
7112,34,,2
7113,17,,3
7114,47,,2
7115,999,,1
7117,43,,2
7118,18,,2
7119,77,,3
7120,28,,1
7121,41,,2
7122,5,,2
7123,56,,5
7124,0,,1
7125,47,,3
7126,64,,2
7127,15,,2
7128,29,,1
7129,44,,3
7130,81,,2
7131,40,,3
7132,21,,2
7133,0,,2
7134,31,,1
7135,46,,1
7136,87,,1
7137,88,,1
7138,28,,3
7139,26,,1
7140,61,,2
7141,38,,2
7142,3,,2
7143,32,,1
7144,16,,2
7145,61,,1
7146,50,,2
7148,12,,3
7149,999,,1
7150,33,,4
7151,20,,1
7152,70,,3
7153,2,,3
7154,40,,1
7155,96,,4
7156,20,,1
7157,32,,2
7158,59,,2
7159,69,,1
7160,45,,2
7161,78,,1
7162,77,,3
7163,26,,1
7164,4,,2
7165,80,,3
7166,43,,3
7167,38,,2
7168,7,,3
7169,48,,4
7170,26,,1
7171,74,,3
7173,73,,1
7174,77,,1
7175,12,,1
7176,40,,2
7177,33,,1
7178,54,,4
7179,6,,2
7181,46,,4
7182,19,,2
7183,25,,2
7184,56,,2
7185,70,,3
7186,71,,5
7187,52,,2
7188,40,,2
7189,74,,2
7190,36,,1
7191,95,,1
7192,51,,2
7193,17,,1
7194,63,,2
7195,28,,1
7196,17,,3
7197,51,,4
7198,2,,2
7199,53,,3
7200,37,,1
7201,9,,1
7202,999,,5
7203,34,,2
7204,17,,1
7205,63,,2
7206,29,,3
7207,19,,2
7208,86,,2
7209,10,,2
7210,14,,4
7211,0,,2
7212,56,,1
7213,16,,3
7214,53,,5
7215,28,,3
7216,91,,1
7217,38,,2
7218,21,,2
7219,19,,2
7220,60,,3
7221,61,,1
7222,45,,1
7223,33,,2
7224,53,,1
7225,32,,2
7226,83,,4
7227,20,,2
7228,4,,1
7229,27,,3
7230,38,,4
7231,44,,3
7232,54,,2
7233,64,,3
7234,63,,2
7235,54,,3
7236,34,,3
7237,34,,2
7238,10,,2
7239,25,,2
7240,0,,3
7242,6,,3
7243,8,,2
7244,15,,4
7245,43,,1
7246,71,,1
7247,47,,3
7248,82,,2
7249,21,,2
7250,0,,4
7251,17,,2
7252,18,,3
7253,33,,4
7254,2,,3
7255,20,,1
7256,9,,3
7257,46,,3
7258,88,,3
7259,25,,3
7260,65,,3
7261,25,,1
7262,31,,3
7264,38,,3
7265,17,,3
7266,4,,3
7267,14,,2
7268,3,,3
7269,6,,3
7270,3,,4
7271,17,,3
7272,35,,2
7273,95,,3
7274,7,,1
7276,33,,1
7277,20,,2
7278,17,,3
7279,62,,4
7280,65,,2
7281,23,,1
7282,69,,2
7283,33,,2
7284,32,,2
7285,43,,2
7286,27,,3
7287,32,,1
7288,32,,2
7290,53,,2
7291,59,,2
7292,64,,4
7293,23,,2
7294,42,,2
7295,54,,2
7296,78,,1
7297,64,,3
7298,38,,2
7299,50,,2
7301,24,,2
7302,42,,2
7303,33,,2
7304,65,,1
7305,40,,2
7306,999,,1
7307,5,,2
7308,20,,4
7309,27,,3
7310,36,,1
7311,48,,2
7312,27,,1
7313,59,,2
7314,39,,3
7315,24,,2
7316,66,,3
7317,42,,2
7318,28,,2
7319,35,,5
7320,26,,1
7322,56,,4
7323,27,,3
7324,49,,1
7325,38,,2
7326,30,,2
7327,94,,1
7328,2,,2
7329,19,,4
7330,24,,4
7331,26,,4
7332,53,,1
7333,14,,3
7334,11,,2
7335,28,,1
7336,23,,2
7337,12,,3
7339,60,,2
7340,43,,3
7341,4,,2
7342,20,,2
7343,5,,3
7344,11,,1
7345,3,,2
7346,5,,2
7347,97,,2
7348,29,,3
7349,58,,2
7350,16,,3
7351,42,,5
7352,1,,2
7353,18,,3
7354,29,,3
7355,52,,2
7356,42,,3
7357,62,,4
7358,65,,3
7359,7,,2
7360,19,,3
7361,73,,2
7362,12,,3
7363,69,,4
7364,73,,2
7365,12,,2
7366,2,,2
7367,12,,1
7368,45,,2
7369,61,,2
7370,2,,2
7371,50,,1
7372,5,,2
7373,27,,2
7374,40,,2
7375,27,,4
7376,54,,4
7377,8,,2
7378,28,,1
7379,60,,1
7380,49,,1
7381,9,,4
7382,37,,1
7383,7,,3
7384,16,,2
7385,25,,2
7386,39,,1
7387,14,,3
7388,5,,2
7389,0,,2
7390,63,,1
7391,24,,2
7392,67,,2
7393,22,,3
7394,35,,2
7395,51,,4
7396,51,,2
7397,34,,1
7398,74,,1
7399,28,,3
7400,38,,2
7401,63,,2
7402,14,,2
7403,55,,1
7404,65,,2
7405,5,,2
7406,2,,2
7407,51,,2
7408,27,,4
7409,22,,1
7410,55,,1
7411,4,,3
7412,37,,2
7413,45,,3
7414,29,,2
7415,19,,2
7416,28,,2
7417,1,,4
7418,41,,2
7419,2,,3
7420,66,,5
7421,79,,2
7422,76,,4
7423,0,,2
7424,34,,2
7425,16,,2
7426,14,,4
7427,11,,3
7428,33,,1
7429,26,,1
7430,16,,2
7431,17,,1
7432,8,,1
7433,65,,2
7434,28,,2
7435,41,,3
7436,38,,2
7437,73,,2
7438,2,,2
7439,41,,3
7440,32,,3
7441,25,,2
7442,31,,1
7443,43,,1
7444,12,,2
7445,32,,1
7446,40,,3
7447,11,,3
7448,51,,2
7449,47,,2
7450,10,,1
7451,69,,1
7452,16,,1
7453,11,,4
7454,19,,4
7455,37,,2
7456,6,,1
7457,40,,2
7458,32,,3
7459,41,,3
7460,999,,3
7461,54,,2
7462,87,,1
7463,37,,3
7464,20,,2
7465,22,,4
7466,6,,1
7467,11,,3
7468,47,,4
7469,5,,2
7470,30,,2
7471,25,,4
7472,11,,1
7473,14,,2
7474,16,,3
7475,57,,2
7476,5,,2
7477,28,,1
7478,72,,1
7479,42,,3
7480,26,,3
7481,32,,
7482,30,,3
7483,21,,2
7484,32,,4
7485,38,,
7486,1,,2
7487,6,,2
7488,56,,2
7489,38,,3
7490,36,,3
7491,28,,3
7492,24,,
7493,18,,2
7494,11,,5
7495,51,,2
7496,15,,3
7497,42,,2
7498,15,,3
7499,91,,4
7500,60,,3
7501,1,,4
7502,21,,2
7503,43,,2
7504,18,,1
7505,23,,2
7506,71,,3
7507,38,,1
7508,6,,4
7509,37,,2
7510,45,,2
7511,58,,2
7512,15,,3
7513,83,,2
7514,3,,2
7515,56,,1
7516,38,,3
7517,47,,1
7518,19,,2
7519,24,,2
7520,39,,2
7521,27,,3
7522,5,,3
7523,8,,2
7524,31,,2
7525,44,,3
7526,4,,3
7527,18,,1
7528,12,,1
7529,1,,3
7530,17,,2
7531,75,,1
7532,53,,4
7533,60,,3
7534,2,,2
7535,33,,3
7536,0,,3
7537,44,,2
7538,57,,3
7539,1,,3
7540,41,,1
7541,17,,2
7542,43,,1
7543,34,,4
7544,2,,2
7545,26,,4
7546,7,,1
7547,47,,2
7548,58,,2
7549,63,,2
7550,0,,1
7551,3,,1
7552,26,,5
7553,7,,3
7554,36,,1
7555,3,,1
7556,62,,1
7557,32,,4
7558,32,,1
7559,10,,
7560,86,,1
7561,8,,1
7562,50,,2
7563,89,,1
7564,7,,1
7565,78,,2
7566,43,,3
7567,29,,4
7568,83,,2
7570,53,,2
7571,40,,3
7572,67,,2
7573,3,,2
7574,53,,4
7575,27,,2
7576,4,,3
7577,49,,
7578,46,,2
7579,45,,4
7580,98,,1
7581,46,,2
7582,7,,3
7583,39,,2
7584,1,,3
7585,66,,2
7586,38,,3
7587,56,,3
7588,36,,2
7589,22,,2
7590,77,,1
7591,32,,1
7592,999,,5
7593,20,,3
7594,50,,1
7595,42,,1
7596,49,,1
7597,61,,1
7598,42,,2
7599,93,,2
7600,63,,1
7601,48,,2
7602,39,,2
7603,39,,2
7605,17,,1
7606,999,,3
7607,35,,1
7608,27,,3
7609,9,,3
7610,85,,3
7612,33,,1
7613,23,,2
7614,93,,2
7615,60,,3
7616,11,,3
7617,15,,3
7618,61,,5
7619,18,,3
7620,8,,1
7621,25,,2
7622,49,,3
7623,44,,1
7624,57,,2
7625,33,,1
7626,73,,3
7627,60,,1
7628,28,,2
7629,42,,1
7630,17,,4
7631,36,,4
7632,59,,1
7633,7,,1
7634,51,,1
7635,5,,4
7636,47,,1
7637,25,,2
7638,6,,5
7639,38,,3
7640,44,,1
7641,2,,4
7642,90,,2
7643,17,,2
7644,16,,2
7645,46,,2
7646,15,,3
7647,10,,2
7648,90,,1
7649,59,,2
7650,12,,2
7651,76,,3
7652,33,,2
7653,93,,2
7654,29,,3
7655,47,,2
7656,20,,1
7657,19,,3
7658,69,,1
7659,2,,3
7660,50,,4
7661,77,,3
7662,22,,4
7663,26,,3
7664,4,,2
7665,26,,2
7666,24,,3
7667,24,,2
7668,999,,1
7669,56,,3
7670,62,,1
7671,20,,4
7672,28,,2
7673,57,,2
7674,57,,2
7675,74,,2
7676,16,,2
7677,51,,3
7678,75,,1
7679,24,,1
7680,0,,3
7681,14,,1
7682,35,,2
7683,37,,2
7684,30,,2
7685,58,,3
7686,31,,1
7687,30,,1
7688,5,,3
7689,40,,3
7690,47,,3
7691,44,,2
7692,34,,1
7693,79,,4
7694,40,,4
7695,83,,2
7696,70,,3
7697,80,,3
7698,21,,4
7699,47,,2
7700,50,,4
7701,36,,1
7702,66,,3
7703,71,,2
7704,75,,3
7705,38,,2
7706,13,,2
7707,30,,1
7708,64,,1
7709,20,,1
7710,5,,2
7711,999,,5
7712,55,,3
7713,14,,2
7714,20,,4
7715,60,,2
7716,79,,1
7717,3,,2
7718,35,,1
7719,43,,1
7720,88,,2
7721,27,,1
7722,20,,
7723,15,,4
7724,1,,3
7726,59,,2
7727,33,,2
7728,45,,1
7729,40,,2
7730,44,,2
7731,85,,1
7732,41,,2
7733,15,,2
7734,32,,2
7735,60,,4
7736,12,,2
7737,24,,2
7738,19,,3
7739,90,,2
7740,9,,2
7741,6,,3
7742,22,,2
7743,90,,5
7744,43,,2
7745,27,,2
7746,68,,3
7747,26,,3
7748,28,,1
7749,6,,1
7750,64,,2
7751,24,,2
7752,30,,2
7753,29,,2
7754,13,,1
7755,8,,3
7756,35,,4
7757,37,,1
7758,23,,2
7759,15,,2
7760,36,,2
7761,18,,1
7762,42,,2
7763,34,,
7764,20,,2
7766,4,,3
7767,22,,3
7768,43,,3
7769,35,,2
7770,17,,2
7771,999,,2
7772,11,,2
7773,73,,4
7774,19,,2
7775,16,,2
7776,13,,2
7777,9,,1
7778,19,,4
7779,10,,2
7780,7,,1
7781,77,,2
7782,4,,
7783,49,,3
7784,50,,4
7785,40,,4
7786,14,,2
7787,48,,2
7788,23,,2
7789,999,,5
7790,22,,4
7791,44,,1
7793,55,,3
7794,55,,2
7795,40,,5
7796,24,,2
7797,28,,3
7798,15,,3
7799,6,,1
7800,42,,4
7801,15,,3
7802,3,,3
7803,86,,2
7804,42,,3
7805,9,,5
7806,69,,1
7807,32,,4
7808,46,,5
7809,0,,1
7810,6,,1
7811,38,,3
7812,9,,2
7813,48,,3
7814,80,,2
7815,27,,2
7816,12,,1
7817,8,,2
7818,12,,1
7819,50,,1
7820,33,,1
7821,18,,2
7822,30,,3
7823,41,,1
7824,49,,1
7825,54,,2
7826,44,,4
7827,0,,3
7828,34,,2
7829,5,,2
7830,93,,3
7831,69,,4
7832,67,,2
7833,21,,3
7834,21,,4
7835,94,,4
7836,42,,5
7837,85,,3
7838,4,,2
7839,47,,2
7840,19,,2
7841,40,,1
7842,31,,
7843,89,,2
7844,43,,2
7845,20,,3
7846,46,,1
7847,24,,2
7848,47,,2
7849,0,,2
7850,33,,2
7851,63,,2
7852,27,,3
7853,73,,3
7854,43,,1
7855,19,,3
7856,39,,3
7857,9,,1
7858,24,,3
7859,29,,3
7860,21,,1
7861,64,,3
7862,44,,
7863,4,,1
7864,10,,3
7865,11,,2
7866,2,,3
7867,27,,2
7868,41,,2
7869,14,,2
7870,10,,1
7871,20,,3
7872,79,,2
7873,36,,1
7874,84,,2
7875,11,,2
7876,57,,2
7877,31,,2
7878,12,,3
7879,56,,3
7880,29,,2
7882,21,,3
7883,4,,2
7884,70,,2
7885,67,,2
7886,22,,2
7887,21,,3
7888,77,,3
7889,13,,1
7890,40,,1
7891,12,,1
7892,0,,1
7893,13,,5
7894,14,,1
7895,16,,1
7896,7,,2
7897,5,,1
7898,44,,1
7899,44,,2
7900,74,,2
7901,28,,2
7902,25,,1
7903,30,,4
7904,77,,1
7905,19,,1
7906,12,,1
7907,32,,3
7908,16,,2
7909,30,,2
7910,7,,2
7911,41,,1
7912,50,,4
7913,58,,3
7914,69,,1
7915,91,,1
7916,32,,2
7917,32,,1
7918,40,,2
7919,66,,2
7920,32,,1
7921,43,,3
7922,38,,4
7923,52,,1
7924,22,,1
7925,3,,2
7926,78,,2
7927,39,,3
7928,36,,2
7929,53,,4
7930,27,,2
7931,46,,2
7932,25,,3
7933,70,,3
7934,21,,2
7935,30,,2
7936,0,,2
7937,43,,1
7938,7,,2
7939,60,,5
7940,35,,3
7942,15,,3
7943,53,,3
7944,15,,4
7945,60,,2
7946,19,,2
7947,24,,3
7948,41,,2
7949,0,,2
7950,35,,2
7951,5,,2
7952,23,,4
7953,14,,2
7954,14,,3
7955,11,,2
7956,37,,2
7957,27,,2
7958,25,,1
7959,82,,3
7960,58,,2
7961,30,,4
7962,59,,2
7963,97,,1
7964,14,,3
7965,10,,1
7966,26,,4
7967,13,,2
7968,33,,3
7969,17,,3
7970,999,,4
7971,14,,1
7972,20,,1
7973,13,,3
7974,2,,2
7975,999,,1
7976,62,,4
7977,30,,2
7978,2,,4
7979,69,,3
7980,0,,3
7981,14,,2
7982,50,,2
7983,36,,1
7984,21,,2
7986,13,,3
7987,11,,1
7988,22,,4
7989,5,,3
7990,40,,1
7991,2,,3
7992,9,,4
7993,5,,1
7994,7,,2
7995,20,,3
7996,92,,3
7997,21,,3
7998,30,,2
7999,30,,2
8000,56,,2
8001,10,,1
8002,13,,3
8003,13,,2
8004,33,,3
8005,23,,4
8006,20,,2
8008,21,,1
8009,78,,4
8010,40,,2
8011,35,,3
8012,48,,3
8013,74,,1
8014,50,,3
8015,41,,1
8016,79,,3
8017,51,,2
8018,1,,1
8019,3,,2
8020,12,,1
8021,0,,2
8022,0,,1
8023,5,,2
8024,28,,1
8025,3,,5
8026,52,,2
8027,34,,1
8028,17,,2
8029,11,,4
8030,15,,1
8031,23,,1
8032,20,,2
8033,58,,2
8034,79,,2
8035,35,,3
8036,66,,1
8037,1,,4
8038,90,,3
8039,999,,5
8040,58,,3
8041,28,,2
8042,24,,3
8043,66,,2
8044,26,,3
8045,10,,3
8046,77,,2
8047,11,,3
8048,49,,1
8049,41,,4
8050,9,,2
8051,11,,1
8052,71,,2
8053,999,,5
8054,14,,2
8055,34,,3
8056,32,,1
8057,85,,2
8058,47,,1
8059,30,,1
8060,48,,2
8061,16,,3
8062,18,,2
8063,1,,
8064,63,,1
8065,71,,4
8066,11,,3
8067,12,,1
8068,11,,2
8069,3,,3
8070,81,,2
8072,63,,2
8073,35,,3
8074,2,,3
8075,3,,2
8076,20,,2
8077,7,,2
8078,22,,3
8079,40,,2
8080,29,,5
8081,85,,1
8082,3,,3
8084,43,,1
8085,61,,1
8086,98,,3
8087,20,,2
8088,66,,2
8089,14,,2
8090,39,,3
8091,2,,4
8092,19,,2
8093,0,,1
8094,5,,2
8095,37,,1
8096,38,,2
8097,11,,2
8098,64,,2
8099,63,,1
8100,60,,4
8101,55,,3
8102,48,,3
8103,8,,3
8104,11,,2
8105,19,,2
8106,18,,2
8107,8,,2
8108,72,,4
8109,6,,2
8110,11,,3
8111,64,,2
8112,35,,2
8113,20,,3
8114,50,,4
8116,19,,4
8117,47,,3
8118,51,,3
8119,42,,3
8120,11,,2
8121,42,,2
8122,82,,2
8123,47,,1
8124,33,,1
8125,17,,1
8126,26,,1
8127,15,,1
8128,55,,2
8129,10,,2
8130,91,,2
8131,52,,2
8132,7,,2
8133,52,,3
8134,62,,2
8135,55,,1
8136,73,,3
8137,33,,3
8138,72,,3
8139,53,,3
8140,70,,3
8141,41,,2
8142,30,,4
8143,17,,2
8144,47,,2
8145,0,,2
8146,5,,2
8147,40,,3
8148,17,,2
8149,72,,1
8150,39,,4
8151,1,,3
8152,18,,3
8153,89,,1
8154,30,,3
8155,38,,3
8156,30,,2
8157,25,,1
8158,3,,1
8159,41,,1
8160,41,,1
8161,81,,2
8162,10,,3
8164,18,,4
8165,24,,2
8166,91,,1
8167,66,,3
8168,15,,5
8169,94,,2
8170,79,,2
8171,65,,2
8172,47,,3
8173,39,,3
8174,48,,1
8175,20,,2
8176,69,,3
8177,72,,2
8178,20,,2
8179,34,,2
8180,62,,1
8181,999,,1
8182,36,,2
8183,31,,1
8184,74,,3
8185,17,,3
8186,37,,3
8187,62,,1
8188,39,,3
8189,36,,1
8190,66,,3
8191,34,,4
8192,9,,2
8193,28,,3
8194,40,,3
8195,35,,1
8196,21,,1
8197,26,,4
8198,23,,2
8199,25,,3
8200,55,,3
8201,44,,3
8202,10,,3
8203,25,,1
8204,12,,2
8205,50,,4
8206,4,,2
8207,30,,3
8208,29,,2
8209,64,,2
8210,64,,2
8211,1,,2
8212,49,,1
8213,30,,1
8214,52,,4
8215,999,,3
8216,2,,1
8217,56,,2
8218,24,,1
8219,12,,3
8220,39,,3
8221,39,,2
8222,13,,2
8223,26,,4
8224,1,,2
8226,30,,1
8227,1,,2
8228,12,,4
8229,21,,2
8230,22,,4
8231,26,,3
8232,10,,3
8233,20,,2
8234,21,,1
8235,48,,2
8236,12,,1
8237,16,,3
8238,49,,2
8239,45,,1
8241,62,,2
8242,35,,2
8243,38,,1
8244,3,,1
8245,1,,2
8247,20,,2
8248,50,,2
8249,15,,3
8250,92,,2
8251,27,,2
8252,19,,2
8253,68,,3
8254,11,,3
8255,7,,2
8256,26,,3
8257,41,,2
8258,75,,3
8259,999,,3
8260,52,,2
8261,56,,2
8262,25,,2
8264,7,,2
8265,14,,2
8266,57,,1
8267,14,,2
8268,7,,1
8269,24,,2
8270,66,,4
8271,55,,3
8272,68,,2
8273,11,,1
8274,10,,2
8275,23,,1
8276,63,,2
8277,97,,3
8278,25,,4
8279,62,,4
8280,42,,3
8281,13,,1
8282,21,,3
8283,69,,1
8284,24,,3
8285,7,,2
8286,24,,2
8287,13,,2
8288,66,,1
8289,35,,1
8290,3,,2
8291,74,,1
8292,37,,2
8293,39,,3
8294,3,,1
8295,16,,2
8296,6,,4
8297,56,,2
8298,62,,2
8299,10,,3
8300,13,,3
8301,15,,3
8302,40,,2
8303,31,,2
8304,17,,2
8305,23,,3
8306,8,,3
8307,7,,1
8308,29,,5
8309,23,,2
8310,4,,1
8311,68,,4
8312,62,,2
8313,12,,1
8314,28,,1
8315,34,,2
8316,12,,3
8317,9,,2
8318,9,,4
8319,0,,4
8320,53,,3
8321,36,,2
8322,96,,2
8323,33,,2
8324,69,,1
8325,31,,4
8326,52,,2
8328,56,,1
8329,89,,3
8330,55,,1
8331,17,,3
8332,73,,1
8333,4,,2
8334,8,,2
8335,46,,1
8336,32,,1
8337,23,,1
8338,42,,3
8339,13,,3
8340,65,,1
8343,35,,3
8344,28,,1
8345,54,,3
8346,13,,4
8347,2,,3
8348,75,,1
8349,87,,1
8350,60,,2
8351,33,,2
8352,42,,2
8353,48,,2
8354,17,,2
8355,56,,4
8356,10,,3
8357,31,,3
8358,39,,2
8359,23,,2
8360,5,,2
8361,95,,2
8362,47,,1
8363,21,,1
8364,25,,1
8365,52,,2
8366,2,,1
8367,42,,3
8368,65,,1
8369,40,,2
8370,19,,1
8371,25,,4
8372,18,,3
8373,72,,3
8374,22,,3
8375,98,,3
8376,46,,3
8377,57,,3
8378,88,,2
8379,20,,1
8380,5,,4
8381,5,,3
8382,29,,4
8383,4,,2
8384,50,,1
8385,28,,2
8386,29,,3
8387,58,,4
8388,59,,4
8390,75,,2
8391,53,,2
8392,29,,5
8393,22,,1
8394,23,,2
8395,47,,2
8396,36,,4
8397,27,,2
8398,62,,3
8399,19,,2
8400,10,,2
8401,33,,2
8402,10,,2
8403,22,,1
8404,0,,4
8405,43,,2
8406,52,,1
8407,17,,1
8408,65,,1
8409,3,,4
8410,39,,4
8411,89,,2
8412,63,,2
8413,40,,3
8414,13,,1
8415,8,,3
8416,27,,3
8417,9,,1
8418,73,,2
8419,24,,2
8420,23,,2
8421,3,,1
8422,76,,2
8423,18,,4
8424,14,,1
8425,18,,2
8426,12,,1
8427,16,,2
8428,7,,2
8429,19,,1
8430,57,,3
8431,3,,4
8432,26,,1
8433,2,,4
8434,30,,2
8435,13,,3
8436,4,,2
8437,87,,1
8438,9,,2
8439,50,,2
8440,22,,2
8441,52,,2
8442,62,,1
8443,33,,2
8444,5,,1
8446,0,,2
8447,75,,2
8448,23,,2
8449,75,,4
8450,6,,1
8451,42,,2
8452,57,,2
8453,46,,2
8454,17,,1
8455,77,,2
8456,50,,2
8457,58,,3
8458,45,,2
8459,33,,3
8460,12,,4
8461,32,,3
8462,32,,2
8463,68,,3
8464,3,,4
8465,23,,4
8466,0,,2
8467,22,,3
8468,85,,3
8469,30,,2
8470,67,,1
8471,7,,1
8472,55,,2
8473,0,,1
8474,27,,2
8475,4,,1
8476,8,,1
8477,17,,2
8478,11,,3
8479,67,,3
8480,18,,1
8481,4,,1
8482,51,,1
8483,7,,4
8484,74,,4
8485,33,,1
8486,53,,1
8487,35,,1
8488,12,,1
8489,46,,3
8490,10,,1
8491,32,,2
8492,13,,2
8493,999,,3
8494,28,,2
8495,72,,1
8496,8,,1
8497,22,,2
8498,57,,4
8499,18,,3
8500,67,,3
8501,14,,4
8502,42,,1
8503,31,,2
8504,85,,3
8505,72,,3
8506,47,,3
8507,56,,2
8508,4,,2
8509,57,,1
8510,63,,2
8511,21,,1
8512,52,,1
8513,54,,1
8514,8,,1
8515,23,,3
8516,19,,1
8517,18,,2
8518,8,,3
8519,59,,3
8520,32,,1
8521,51,,1
8522,31,,3
8523,64,,1
8524,70,,2
8525,35,,2
8526,10,,2
8527,46,,2
8528,94,,4
8529,43,,2
8530,73,,4
8531,65,,2
8532,44,,2
8533,49,,1
8535,14,,4
8536,13,,2
8537,41,,3
8538,79,,4
8539,14,,2
8540,37,,2
8541,84,,3
8542,41,,1
8543,13,,2
8544,53,,3
8545,17,,2
8546,3,,2
8547,82,,2
8548,95,,2
8549,62,,3
8550,28,,2
8551,26,,3
8552,55,,2
8553,76,,1
8554,48,,3
8555,81,,4
8556,88,,3
8557,10,,1
8558,3,,3
8559,69,,3
8560,45,,2
8561,55,,2
8562,72,,4
8563,93,,2
8564,20,,3
8565,17,,1
8566,56,,2
8567,40,,3
8568,15,,2
8569,24,,4
8570,81,,3
8571,29,,4
8572,52,,3
8573,40,,2
8574,27,,2
8575,13,,2
8576,7,,1
8577,75,,1
8578,31,,2
8579,96,,4
8580,82,,1
8581,43,,1
8582,28,,2
8583,36,,3
8584,21,,1
8585,42,,2
8586,53,,2
8587,28,,1
8588,9,,4
8589,99,,3
8590,28,,1
8591,5,,1
8592,73,,1
8593,7,,3
8594,12,,2
8595,20,,2
8596,49,,4
8597,58,,2
8599,93,,2
8600,59,,3
8601,88,,4
8602,16,,1
8603,72,,1
8604,40,,2
8605,11,,3
8606,22,,2
8607,7,,1
8608,35,,2
8609,36,,3
8610,999,,5
8611,90,,2
8612,32,,3
8613,30,,2
8614,24,,3
8615,49,,2
8616,65,,1
8617,7,,4
8618,22,,2
8619,4,,2
8620,40,,2
8621,41,,1
8622,89,,3
8623,87,,2
8624,91,,2
8625,66,,2
8626,22,,5
8627,75,,2
8628,22,,1
8629,69,,4
8630,16,,2
8631,16,,3
8632,82,,3
8633,62,,
8634,10,,4
8635,30,,3
8636,52,,3
8637,8,,2
8638,80,,4
8639,23,,2
8640,9,,1
8641,4,,1
8642,24,,3
8643,4,,4
8644,64,,2
8645,51,,1
8646,8,,2
8647,37,,3
8648,55,,2
8649,13,,2
8650,45,,3
8651,42,,3
8652,51,,1
8653,26,,1
8654,40,,2
8655,4,,1
8656,67,,1
8657,83,,2
8658,27,,2
8659,10,,2
8660,24,,2
8661,60,,2
8662,16,,1
8663,32,,1
8664,66,,3
8665,27,,2
8666,41,,2
8667,35,,3
8668,77,,3
8669,4,,3
8670,59,,2
8671,85,,2
8672,9,,2
8673,35,,1
8674,63,,3
8675,15,,2
8676,18,,3
8677,18,,3
8678,27,,3
8679,20,,1
8680,29,,1
8681,26,,1
8682,68,,3
8683,35,,2
8684,63,,3
8685,75,,3
8686,59,,2
8687,63,,2
8688,71,,5
8689,57,,1
8690,33,,1
8691,8,,4
8692,39,,4
8693,15,,1
8694,22,,3
8695,19,,3
8696,59,,1
8697,90,,2
8698,1,,2
8699,17,,2
8700,51,,2
8701,67,,3
8702,8,,3
8703,49,,5
8704,14,,2
8705,6,,2
8706,13,,4
8707,42,,3
8708,46,,2
8709,9,,2
8710,4,,4
8711,11,,1
8712,62,,2
8713,80,,1
8714,14,,1
8715,21,,1
8716,38,,3
8717,34,,2
8718,32,,1
8719,19,,2
8720,38,,3
8721,31,,2
8722,26,,3
8723,2,,3
8724,31,,1
8725,36,,2
8726,56,,2
8727,60,,2
8728,8,,3
8729,12,,3
8730,35,,1
8731,46,,2
8732,10,,
8733,1,,3
8734,33,,1
8735,21,,3
8736,28,,3
8737,61,,2
8738,6,,1
8739,47,,1
8740,74,,3
8741,3,,3
8742,20,,3
8743,21,,3
8744,64,,2
8745,41,,2
8746,33,,2
8747,4,,2
8748,18,,4
8749,11,,2
8750,30,,3
8751,16,,2
8752,0,,2
8753,41,,4
8754,69,,1
8755,29,,2
8756,1,,2
8757,77,,2
8758,71,,2
8759,5,,4
8760,12,,2
8761,48,,2
8762,17,,2
8763,1,,1
8764,48,,3
8765,49,,3
8766,18,,1
8767,24,,4
8768,46,,4
8769,59,,2
8770,0,,2
8771,12,,2
8772,70,,3
8773,45,,2
8774,72,,
8775,1,,3
8776,15,,4
8777,999,,5
8778,21,,2
8779,29,,1
8780,42,,2
8781,7,,2
8782,999,,2
8783,34,,1
8784,18,,2
8785,14,,
8786,22,,2
8787,39,,2
8788,5,,3
8789,31,,2
8790,46,,2
8791,34,,1
8792,13,,
8793,97,,4
8794,0,,2
8795,2,,1
8796,55,,3
8797,65,,1
8798,34,,2
8799,59,,3
8800,30,,1
8801,24,,1
8802,20,,3
8803,22,,2
8804,93,,2
8805,41,,1
8806,63,,4
8807,50,,3
8808,58,,2
8809,95,,2
8810,98,,2
8811,42,,4
8812,15,,3
8813,83,,1
8814,94,,2
8816,20,,2
8817,20,,3
8818,79,,1
8819,3,,4
8820,2,,2
8821,94,,1
8822,83,,3
8823,15,,4
8824,96,,2
8825,14,,3
8826,3,,1
8827,9,,3
8828,76,,5
8829,82,,3
8830,3,,2
8831,73,,1
8832,29,,2
8833,21,,2
8834,26,,2
8835,39,,4
8836,6,,3
8837,35,,3
8838,25,,4
8839,22,,3
8840,62,,1
8841,49,,4
8842,45,,2
8843,49,,3
8844,38,,1
8845,79,,2
8846,49,,3
8847,34,,1
8848,999,,5
8849,94,,1
8850,19,,1
8851,33,,3
8852,26,,2
8853,65,,3
8854,0,,3
8855,8,,1
8856,44,,4
8857,48,,2
8858,7,,4
8859,25,,4
8860,18,,4
8862,62,,2
8863,14,,2
8864,5,,1
8865,6,,3
8866,35,,3
8867,48,,3
8868,54,,1
8869,1,,1
8870,54,,2
8871,55,,4
8872,49,,2
8873,2,,3
8874,11,,2
8875,61,,2
8876,25,,2
8877,6,,4
8878,1,,3
8879,1,,2
8880,42,,1
8881,18,,4
8882,35,,2
8883,19,,3
8884,35,,2
8885,6,,1
8886,44,,1
8887,28,,2
8888,4,,2
8889,51,,2
8890,23,,1
8891,63,,3
8892,47,,2
8893,28,,3
8894,52,,3
8895,77,,2
8896,20,,2
8897,36,,
8898,18,,2
8899,30,,4
8900,8,,3
8901,8,,2
8902,63,,2
8903,22,,1
8904,999,,5
8905,44,,3
8906,30,,1
8907,7,,1
8908,7,,2
8909,7,,1
8910,15,,4
8911,4,,2
8912,31,,3
8913,54,,2
8914,23,,3
8915,4,,2
8916,43,,2
8917,22,,1
8918,6,,3
8919,46,,3
8920,71,,3
8921,27,,2
8922,56,,4
8923,30,,1
8924,67,,2
8925,95,,3
8926,45,,3
8927,66,,1
8928,76,,3
8929,32,,2
8930,20,,1
8931,51,,2
8932,16,,1
8933,77,,1
8934,31,,3
8935,38,,2
8936,36,,2
8937,90,,2
8938,60,,2
8939,13,,3
8941,63,,3
8942,18,,2
8943,93,,3
8944,24,,2
8945,61,,3
8946,6,,2
8947,46,,1
8948,94,,3
8949,67,,1
8950,40,,3
8951,18,,1
8952,3,,2
8953,10,,1
8954,92,,3
8955,11,,2
8956,4,,3
8957,20,,4
8958,68,,4
8959,97,,3
8960,3,,1
8962,53,,2
8963,50,,2
8964,64,,2
8965,56,,3
8966,37,,1
8967,999,,1
8968,46,,2
8969,85,,3
8970,51,,4
8971,99,,3
8972,999,,3
8973,10,,3
8974,30,,4
8975,11,,4
8976,41,,2
8977,4,,3
8978,8,,2
8979,74,,2
8980,11,,1
8982,45,,1
8983,79,,1
8984,44,,1
8985,59,,2
8986,999,,1
8987,7,,1
8988,6,,2
8989,4,,1
8990,29,,1
8991,41,,2
8992,29,,4
8993,20,,2
8994,85,,3
8995,2,,3
8996,40,,1
8997,81,,1
8998,70,,1
8999,6,,1
9000,41,,1
9001,15,,2
9002,4,,2
9003,11,,1
9004,22,,1
9005,48,,2
9006,17,,3
9007,12,,3
9008,6,,2
9009,10,,4
9010,37,,2
9011,6,,2
9012,0,,2
9013,8,,1
9014,45,,3
9015,14,,3
9016,17,,4
9017,9,,4
9018,29,,1
9019,98,,3
9020,32,,1
9021,36,,2
9022,71,,2
9023,3,,4
9024,8,,3
9025,45,,2
9026,20,,1
9027,48,,1
9028,56,,1
9029,98,,2
9030,10,,1
9031,91,,2
9032,21,,2
9033,45,,3
9034,2,,4
9035,64,,2
9036,16,,1
9037,56,,3
9038,93,,3
9039,14,,4
9040,14,,2
9041,12,,3
9042,10,,1
9043,47,,3
9044,12,,3
9045,24,,3
9046,48,,2
9047,56,,2
9048,49,,2
9049,38,,1
9050,68,,3
9051,42,,2
9052,31,,3
9053,14,,3
9054,13,,2
9055,88,,3
9056,0,,1
9057,79,,2
9058,31,,4
9059,36,,1
9060,24,,1
9061,5,,2
9062,46,,3
9063,40,,1
9064,6,,2
9065,6,,3
9066,84,,1
9067,3,,1
9068,52,,1
9070,35,,3
9071,15,,2
9072,9,,4
9073,8,,3
9074,69,,2
9076,49,,3
9077,25,,3
9078,27,,2
9079,44,,3
9080,43,,3
9081,29,,2
9082,39,,2
9083,16,,2
9084,80,,1
9085,10,,1
9087,35,,4
9088,43,,2
9089,81,,2
9090,70,,3
9091,31,,3
9092,30,,1
9093,60,,2
9094,33,,1
9095,50,,3
9096,16,,2
9098,8,,2
9099,41,,4
9100,72,,2
9101,54,,3
9102,46,,3
9103,1,,5
9104,32,,3
9105,49,,2
9106,11,,3
9107,13,,1
9108,48,,1
9109,95,,2
9110,16,,2
9111,44,,1
9112,9,,3
9113,28,,4
9114,19,,4
9115,93,,3
9116,98,,2
9117,25,,1
9119,40,,2
9120,98,,3
9121,10,,2
9122,9,,3
9123,69,,2
9124,34,,2
9125,13,,2
9126,15,,1
9127,22,,1
9128,19,,3
9129,18,,1
9130,0,,1
9131,1,,2
9132,41,,2
9133,13,,3
9134,31,,2
9135,44,,3
9136,47,,4
9137,11,,3
9138,53,,4
9139,60,,2
9140,28,,2
9141,1,,2
9142,86,,3
9143,10,,2
9144,999,,2
9145,2,,2
9146,62,,3
9147,17,,3
9148,44,,3
9149,33,,5
9150,3,,2
9151,3,,3
9152,49,,2
9153,20,,1
9154,74,,3
9155,78,,2
9156,76,,3
9157,16,,2
9158,49,,1
9159,16,,2
9160,12,,3
9161,2,,2
9163,999,,5
9164,50,,3
9165,94,,1
9166,11,,4
9167,23,,2
9168,23,,2
9169,42,,3
9170,80,,3
9171,37,,2
9172,19,,2
9173,18,,2
9174,70,,1
9175,53,,1
9176,6,,3
9177,19,,1
9178,27,,1
9179,45,,3
9180,43,,2
9181,2,,1
9182,62,,2
9183,9,,2
9184,44,,2
9185,60,,2
9186,41,,1
9187,20,,1
9188,70,,2
9189,21,,3
9190,21,,2
9191,86,,1
9192,84,,4
9193,54,,1
9194,6,,1
9195,27,,1
9197,28,,2
9198,17,,1
9199,999,,2
9200,47,,1
9201,40,,3
9204,8,,2
9205,54,,3
9206,51,,2
9207,3,,2
9208,14,,3
9209,54,,1
9210,58,,2
9211,9,,2
9212,64,,1
9213,49,,2
9214,28,,2
9215,72,,3
9216,38,,1
9217,41,,1
9218,25,,4
9219,50,,2
9220,13,,2
9221,21,,2
9222,61,,3
9223,21,,1
9224,6,,2
9225,3,,3
9226,47,,4
9227,27,,4
9228,82,,3
9229,69,,2
9230,46,,3
9231,13,,3
9232,56,,3
9233,49,,1
9234,2,,1
9235,32,,5
9236,42,,3
9237,35,,1
9238,12,,2
9239,37,,1
9241,53,,3
9242,42,,1
9243,26,,1
9244,45,,1
9245,78,,3
9246,3,,2
9247,88,,2
9248,83,,2
9249,86,,1
9250,16,,3
9251,43,,1
9252,18,,3
9253,8,,2
9254,39,,2
9255,10,,3
9256,42,,5
9257,54,,2
9258,36,,4
9259,73,,1
9260,2,,3
9261,64,,3
9262,63,,2
9263,2,,4
9264,25,,2
9265,20,,1
9266,51,,1
9267,69,,2
9268,19,,1
9269,21,,2
9270,2,,4
9271,43,,2
9272,11,,3
9273,69,,2
9274,32,,2
9275,16,,3
9276,53,,2
9278,59,,2
9279,61,,4
9280,44,,1
9281,7,,2
9282,77,,2
9283,83,,4
9284,49,,1
9285,3,,3
9286,8,,2
9287,999,,5
9288,42,,2
9289,59,,4
9290,56,,3
9291,38,,3
9292,19,,1
9293,69,,1
9294,11,,3
9295,21,,4
9296,1,,1
9297,88,,3
9298,0,,1
9299,29,,4
9300,20,,1
9301,28,,2
9302,79,,1
9303,22,,4
9304,25,,2
9305,95,,2
9306,45,,1
9307,24,,1
9308,52,,3
9309,83,,1
9310,72,,2
9311,36,,3
9312,22,,2
9313,82,,3
9314,7,,2
9315,45,,1
9316,9,,3
9317,16,,4
9318,28,,2
9319,85,,4
9320,16,,3
9321,31,,2
9322,53,,2
9323,61,,1
9324,52,,2
9325,84,,2
9326,84,,3
9327,16,,2
9328,12,,4
9329,93,,2
9330,12,,3
9331,999,,3
9332,25,,3
9333,56,,2
9334,9,,2
9335,24,,1
9336,11,,2
9337,86,,3
9338,10,,2
9339,48,,4
9340,55,,2
9341,9,,2
9342,12,,2
9343,17,,1
9344,4,,2
9345,28,,3
9346,52,,3
9347,999,,2
9348,31,,1
9349,29,,2
9350,28,,1
9351,61,,4
9352,11,,1
9353,7,,2
9354,8,,2
9355,48,,3
9356,42,,2
9357,22,,1
9358,45,,2
9359,56,,2
9360,59,,2
9361,74,,1
9362,999,,5
9363,51,,2
9364,65,,3
9365,51,,1
9366,85,,1
9367,32,,2
9368,38,,1
9369,999,,1
9370,41,,2
9371,38,,3
9372,14,,2
9373,27,,2
9374,35,,3
9375,40,,2
9376,63,,2
9377,32,,3
9378,42,,4
9379,36,,3
9380,46,,2
9381,22,,2
9382,34,,2
9383,73,,1
9384,38,,1
9385,53,,3
9386,23,,3
9387,26,,1
9388,61,,2
9389,3,,2
9391,9,,2
9392,23,,3
9393,42,,2
9394,11,,2
9395,22,,
9396,41,,1
9397,40,,3
9398,49,,1
9399,60,,1
9400,78,,2
9401,14,,1
9402,7,,4
9403,12,,
9404,29,,3
9405,26,,1
9406,15,,2
9407,88,,3
9408,34,,1
9409,999,,3
9410,8,,2
9411,53,,3
9412,45,,1
9413,62,,1
9414,29,,3
9415,35,,4
9416,14,,3
9417,34,,2
9418,78,,2
9419,29,,3
9420,999,,2
9421,21,,2
9422,72,,2
9423,80,,2
9424,74,,2
9425,87,,1
9426,35,,2
9427,48,,3
9428,47,,3
9429,57,,5
9430,23,,3
9431,24,,3
9432,13,,2
9433,54,,3
9434,999,,2
9435,4,,2
9436,62,,1
9437,98,,2
9438,1,,3
9439,48,,2
9440,25,,1
9441,90,,3
9442,14,,2
9443,45,,3
9444,13,,2
9445,13,,2
9446,5,,1
9447,0,,1
9448,48,,2
9449,68,,3
9450,7,,2
9451,28,,4
9452,3,,3
9453,9,,1
9454,15,,2
9455,3,,3
9456,14,,3
9457,56,,4
9458,83,,3
9460,67,,3
9461,1,,2
9462,11,,2
9463,10,,3
9464,70,,5
9465,17,,3
9466,6,,1
9467,44,,1
9468,27,,2
9469,40,,3
9470,66,,4
9471,47,,2
9472,3,,1
9473,18,,2
9474,61,,1
9475,22,,1
9476,49,,3
9477,4,,2
9478,17,,2
9479,81,,2
9480,7,,4
9481,30,,3
9482,1,,3
9483,66,,2
9484,52,,2
9485,30,,2
9486,31,,2
9487,19,,2
9488,21,,3
9489,59,,4
9490,11,,
9491,69,,2
9492,27,,1
9493,8,,1
9494,21,,2
9495,37,,1
9496,30,,4
9497,20,,2
9498,13,,2
9499,82,,3
9500,36,,2
9501,16,,3
9502,11,,1
9503,3,,3
9504,45,,1
9505,1,,1
9506,36,,3
9507,1,,4
9508,35,,2
9509,24,,4
9510,46,,2
9511,31,,2
9512,49,,3
9513,64,,1
9514,15,,3
9515,2,,2
9516,43,,3
9517,8,,1
9518,22,,2
9519,81,,3
9520,42,,1
9521,37,,2
9522,11,,2
9523,95,,2
9524,15,,1
9525,7,,2
9526,17,,1
9527,42,,3
9528,14,,3
9529,5,,3
9530,49,,2
9531,30,,2
9532,11,,2
9533,3,,2
9534,66,,1
9535,20,,4
9536,74,,2
9537,22,,3
9538,24,,4
9539,16,,3
9540,30,,1
9541,18,,2
9542,14,,3
9543,32,,3
9544,37,,2
9545,67,,5
9546,9,,3
9547,57,,2
9548,75,,1
9549,1,,
9550,8,,2
9551,63,,2
9552,7,,2
9553,86,,1
9554,44,,2
9555,67,,2
9556,42,,1
9557,50,,2
9558,57,,3
9559,92,,3
9560,80,,2
9561,23,,4
9562,28,,1
9563,17,,3
9564,63,,2
9565,11,,1
9566,32,,1
9567,34,,3
9568,5,,2
9569,33,,3
9570,76,,4
9571,6,,1
9572,40,,1
9573,81,,1
9574,76,,3
9575,12,,2
9576,4,,1
9577,63,,2
9578,16,,1
9579,56,,1
9580,2,,1
9581,93,,3
9582,2,,3
9583,1,,3
9584,72,,2
9585,13,,2
9586,49,,4
9587,11,,1
9588,47,,1
9589,24,,3
9590,49,,2
9591,12,,1
9592,35,,3
9593,58,,1
9594,92,,2
9595,36,,3
9596,14,,3
9597,47,,2
9598,38,,2
9599,33,,2
9600,11,,2
9601,70,,2
9602,24,,1
9603,23,,2
9604,9,,4
9605,6,,3
9606,10,,3
9607,73,,3
9608,54,,3
9610,10,,2
9611,2,,1
9612,48,,3
9613,3,,1
9614,37,,3
9615,26,,3
9616,56,,2
9617,42,,2
9619,23,,2
9621,9,,2
9622,8,,3
9623,30,,2
9624,17,,2
9626,6,,1
9627,26,,1
9628,81,,2
9629,35,,4
9630,50,,2
9631,0,,2
9632,92,,4
9633,6,,3
9634,60,,2
9635,31,,3
9636,0,,3
9637,7,,2
9638,88,,3
9639,41,,1
9640,11,,2
9641,2,,2
9642,32,,2
9643,35,,1
9644,31,,1
9645,26,,2
9646,16,,
9647,42,,3
9648,12,,2
9649,6,,1
9650,34,,2
9652,26,,3
9653,20,,1
9654,4,,1
9655,32,,4
9656,49,,2
9657,43,,1
9658,31,,2
9659,36,,3
9660,66,,1
9661,56,,2
9662,19,,
9663,52,,1
9664,9,,1
9665,57,,2
9666,59,,2
9667,66,,2
9668,46,,1
9669,27,,2
9670,51,,2
9671,58,,1
9672,0,,1
9673,28,,4
9674,8,,3
9675,52,,2
9676,13,,1
9677,13,,3
9678,65,,3
9679,42,,4
9680,23,,3
9681,30,,3
9682,54,,3
9683,1,,3
9684,67,,3
9685,5,,2
9686,80,,2
9687,36,,4
9688,18,,2
9689,14,,2
9690,26,,3
9691,41,,3
9692,999,,2
9693,23,,2
9694,7,,3
9695,30,,2
9696,18,,2
9697,22,,3
9698,36,,3
9699,40,,2
9700,50,,1
9701,24,,3
9702,28,,3
9703,12,,1
9704,63,,1
9705,48,,1
9706,0,,2
9707,43,,2
9708,70,,1
9709,70,,4
9710,27,,2
9711,9,,2
9712,2,,3
9713,1,,2
9714,4,,2
9715,6,,2
9717,42,,2
9718,29,,2
9719,5,,2
9720,93,,1
9721,41,,2
9722,48,,3
9723,46,,2
9724,19,,2
9725,999,,2
9726,2,,1
9727,30,,1
9728,77,,3
9729,58,,3
9730,2,,2
9731,8,,3
9732,32,,5
9733,5,,2
9734,91,,2
9735,27,,1
9736,53,,1
9737,9,,2
9738,15,,1
9739,6,,1
9740,14,,2
9741,7,,2
9742,8,,2
9743,43,,2
9744,0,,1
9745,16,,3
9746,34,,3
9747,78,,4
9748,57,,4
9749,75,,3
9750,72,,2
9751,56,,3
9752,43,,2
9753,66,,2
9754,78,,2
9755,40,,3
9756,85,,1
9757,44,,2
9758,19,,1
9759,15,,2
9760,19,,1
9761,38,,2
9762,14,,2
9763,9,,2
9764,68,,2
9765,12,,2
9766,52,,1
9767,37,,3
9768,16,,2
9769,4,,1
9770,4,,3
9771,79,,5
9772,11,,1
9773,23,,2
9774,20,,2
9775,83,,2
9776,43,,1
9777,96,,3
9778,55,,2
9779,38,,2
9780,14,,1
9781,10,,3
9782,32,,3
9783,47,,2
9784,38,,3
9785,41,,3
9786,48,,5
9787,10,,1
9788,64,,1
9789,21,,2
9790,69,,2
9791,19,,1
9792,8,,2
9793,1,,3
9794,28,,1
9795,1,,3
9796,50,,1
9797,69,,2
9798,18,,2
9799,0,,1
9800,44,,2
9801,16,,3
9802,12,,2
9803,18,,2
9804,11,,2
9806,61,,2
9807,9,,4
9808,48,,1
9809,71,,2
9810,5,,3
9811,2,,1
9812,51,,2
9813,12,,1
9814,27,,1
9815,8,,1
9816,25,,2
9817,48,,3
9818,31,,2
9819,69,,4
9820,37,,3
9821,26,,1
9822,46,,2
9823,1,,5
9824,39,,1
9825,26,,2
9826,38,,2
9827,13,,2
9828,8,,4
9829,22,,1
9830,1,,2
9831,70,,3
9832,32,,2
9833,9,,
9834,99,,1
9835,34,,1
9836,71,,3
9837,11,,4
9838,32,,3
9839,5,,2
9840,12,,3
9841,30,,2
9842,52,,3
9843,35,,2
9844,22,,4
9845,17,,2
9846,58,,3
9847,10,,1
9848,999,,4
9849,57,,2
9850,57,,3
9851,5,,5
9852,15,,5
9853,56,,3
9854,59,,2
9855,50,,3
9856,62,,4
9857,70,,3
9858,18,,
9859,82,,1
9860,14,,2
9861,12,,4
9862,68,,2
9863,47,,3
9864,37,,2
9865,31,,2
9866,9,,1
9867,71,,2
9868,76,,2
9869,3,,3
9870,50,,3
9871,42,,2
9872,21,,3
9873,18,,1
9874,44,,1
9875,57,,1
9876,43,,3
9877,1,,3
9878,32,,2
9879,79,,3
9880,31,,3
9881,32,,3
9882,4,,3
9883,22,,2
9884,3,,2
9885,15,,3
9886,31,,3
9887,21,,1
9888,2,,2
9889,999,,5
9890,14,,2
9891,88,,2
9892,22,,3
9893,29,,3
9894,8,,4
9895,83,,1
9896,36,,2
9897,29,,2
9898,75,,4
9899,17,,1
9900,1,,4
9901,27,,2
9902,9,,2
9903,43,,2
9904,58,,1
9905,1,,2
9906,80,,2
9907,58,,3
9908,1,,1
9909,43,,4
9911,45,,4
9912,22,,1
9913,16,,1
9914,27,,2
9915,4,,2
9916,22,,3
9917,26,,3
9918,65,,1
9919,16,,2
9920,19,,3
9921,8,,1
9922,52,,
9923,32,,2
9924,49,,2
9925,7,,3
9926,57,,2
9927,18,,2
9928,24,,1
9929,84,,2
9930,20,,1
9931,27,,1
9932,18,,3
9933,60,,3
9934,73,,2
9935,12,,2
9936,10,,3
9937,47,,1
9938,71,,2
9939,72,,4
9940,20,,3
9941,38,,4
9942,75,,2
9943,24,,2
9944,28,,2
9945,16,,3
9946,34,,1
9947,49,,2
9948,63,,2
9950,42,,2
9951,40,,
9952,40,,3
9953,1,,4
9954,2,,3
9955,44,,1
9956,11,,1
9957,73,,1
9958,18,,1
9960,31,,4
9961,48,,1
9962,41,,3
9963,12,,2
9964,28,,3
9965,30,,2
9966,1,,2
9967,40,,3
9968,76,,5
9969,39,,3
9970,7,,1
9971,1,,2
9972,47,,3
9973,41,,2
9974,33,,2
9975,6,,5
9976,30,,1
9977,53,,3
9978,75,,1
9979,38,,3
9980,65,,1
9981,66,,2
9982,50,,2
9983,17,,3
9984,23,,2
9985,58,,1
9986,15,,3
9987,87,,2
9988,11,,3
9989,43,,2
9990,6,,1
9991,0,,1
9992,34,,1
9993,59,,3
9994,999,,1
9995,67,,2
9996,17,,1
9997,15,,2
9998,31,,3
9999,71,,1
